Gene_ID,Status_and_Symbol,Has_GO_Term?,GO_Term_Count,GO_IDs
WBGene00000052,Dead | N/A,No,0,
WBGene00000087,Dead | N/A,No,0,
WBGene00000167,Dead | N/A,No,0,
WBGene00000194,Dead | N/A,No,0,
WBGene00000243,Dead | N/A,No,0,
WBGene00000300,Dead | ,No,0,
WBGene00000309,Dead | N/A,No,0,
WBGene00000385,Dead | N/A,No,0,
WBGene00000394,Dead | N/A,No,0,
WBGene00000398,Dead | N/A,No,0,
WBGene00000400,Dead | N/A,No,0,
WBGene00000404,Dead | N/A,No,0,
WBGene00000456,Dead | N/A,No,0,
WBGene00000486,Dead | N/A,No,0,
WBGene00000489,Dead | N/A,No,0,
WBGene00000586,Dead | N/A,No,0,
WBGene00000587,Dead | N/A,No,0,
WBGene00000588,Dead | N/A,No,0,
WBGene00000589,Dead | N/A,No,0,
WBGene00000590,Dead | N/A,No,0,
WBGene00000619,Dead | N/A,No,0,
WBGene00000635,Dead | N/A,No,0,
WBGene00000643,Dead | N/A,No,0,
WBGene00000686,Dead | N/A,No,0,
WBGene00000847,Dead | N/A,No,0,
WBGene00000852,Dead | N/A,No,0,
WBGene00000916,Dead | N/A,No,0,
WBGene00000945,Dead | ,No,0,
WBGene00001004,Dead | N/A,No,0,
WBGene00001024,Dead | N/A,No,0,
WBGene00001083,Dead | N/A,No,0,
WBGene00001120,Dead | N/A,No,0,
WBGene00001124,Dead | N/A,No,0,
WBGene00001138,Dead | N/A,No,0,
WBGene00001146,Dead | N/A,No,0,
WBGene00001192,Dead | N/A,No,0,
WBGene00001219,Dead | N/A,No,0,
WBGene00001254,Dead | N/A,No,0,
WBGene00001255,Dead | N/A,No,0,
WBGene00001260,Dead | N/A,No,0,
WBGene00001264,Dead | N/A,No,0,
WBGene00001268,Dead | N/A,No,0,
WBGene00001270,Dead | N/A,No,0,
WBGene00001283,Dead | N/A,No,0,
WBGene00001321,Dead | N/A,No,0,
WBGene00001339,Dead | N/A,No,0,
WBGene00001356,Dead | N/A,No,0,
WBGene00001363,Dead | ,No,0,
WBGene00001367,Dead | N/A,No,0,
WBGene00001370,Dead | N/A,No,0,
WBGene00001416,Dead | N/A,No,0,
WBGene00001421,Dead | N/A,No,0,
WBGene00001422,Dead | ,No,0,
WBGene00001472,Dead | N/A,No,0,
WBGene00001504,Dead | N/A,No,0,
WBGene00001524,Dead | N/A,No,0,
WBGene00001525,Dead | N/A,No,0,
WBGene00001567,Dead | N/A,No,0,
WBGene00001573,Dead | N/A,No,0,
WBGene00001610,Dead | N/A,No,0,
WBGene00001611,Dead | N/A,No,0,
WBGene00001634,Dead | N/A,No,0,
WBGene00001797,Dead | N/A,No,0,
WBGene00001822,Dead | N/A,No,0,
WBGene00001868,Dead | N/A,No,0,
WBGene00001873,Dead | N/A,No,0,
WBGene00001897,Dead | N/A,No,0,
WBGene00002014,Dead | N/A,No,0,
WBGene00002022,Dead | N/A,No,0,
WBGene00002122,Dead | N/A,No,0,
WBGene00002126,Dead | N/A,No,0,
WBGene00002154,Dead | N/A,No,0,
WBGene00002155,Dead | N/A,No,0,
WBGene00002156,Dead | N/A,No,0,
WBGene00002157,Dead | N/A,No,0,
WBGene00002158,Dead | N/A,No,0,
WBGene00002159,Dead | N/A,No,0,
WBGene00002160,Dead | N/A,No,0,
WBGene00002161,Dead | N/A,No,0,
WBGene00002164,Dead | N/A,No,0,
WBGene00002165,Dead | N/A,No,0,
WBGene00002166,Dead | N/A,No,0,
WBGene00002167,Dead | N/A,No,0,
WBGene00002168,Dead | N/A,No,0,
WBGene00002170,Dead | N/A,No,0,
WBGene00002171,Dead | N/A,No,0,
WBGene00002172,Dead | N/A,No,0,
WBGene00002236,Dead | N/A,No,0,
WBGene00002237,Dead | N/A,No,0,
WBGene00002277,Dead | N/A,No,0,
WBGene00002317,Dead | N/A,No,0,
WBGene00002339,Dead | N/A,No,0,
WBGene00002370,Dead | N/A,No,0,
WBGene00002372,Dead | N/A,No,0,
WBGene00002373,Dead | N/A,No,0,
WBGene00002377,Dead | N/A,No,0,
WBGene00002398,Dead | N/A,No,0,
WBGene00002416,Dead | N/A,No,0,
WBGene00002421,Dead | N/A,No,0,
WBGene00002554,Dead | ,No,0,
WBGene00002576,Dead | N/A,No,0,
WBGene00002582,Dead | N/A,No,0,
WBGene00002584,Dead | N/A,No,0,
WBGene00002585,Dead | N/A,No,0,
WBGene00002586,Dead | N/A,No,0,
WBGene00002588,Dead | N/A,No,0,
WBGene00002590,Dead | N/A,No,0,
WBGene00002597,Dead | N/A,No,0,
WBGene00002598,Dead | N/A,No,0,
WBGene00002599,Dead | N/A,No,0,
WBGene00002600,Dead | N/A,No,0,
WBGene00002602,Dead | N/A,No,0,
WBGene00002603,Dead | N/A,No,0,
WBGene00002604,Dead | N/A,No,0,
WBGene00002605,Dead | N/A,No,0,
WBGene00002606,Dead | N/A,No,0,
WBGene00002609,Dead | N/A,No,0,
WBGene00002611,Dead | N/A,No,0,
WBGene00002616,Dead | N/A,No,0,
WBGene00002617,Dead | N/A,No,0,
WBGene00002620,Dead | N/A,No,0,
WBGene00002674,Dead | N/A,No,0,
WBGene00002695,Dead | N/A,No,0,
WBGene00002701,Dead | N/A,No,0,
WBGene00002708,Dead | N/A,No,0,
WBGene00002710,Dead | N/A,No,0,
WBGene00002713,Dead | N/A,No,0,
WBGene00002718,Dead | N/A,No,0,
WBGene00002720,Dead | N/A,No,0,
WBGene00002722,Dead | N/A,No,0,
WBGene00002725,Dead | N/A,No,0,
WBGene00002754,Dead | N/A,No,0,
WBGene00002755,Dead | N/A,No,0,
WBGene00002760,Dead | N/A,No,0,
WBGene00002764,Dead | N/A,No,0,
WBGene00002772,Dead | N/A,No,0,
WBGene00002773,Dead | N/A,No,0,
WBGene00002774,Dead | N/A,No,0,
WBGene00002775,Dead | N/A,No,0,
WBGene00002777,Dead | N/A,No,0,
WBGene00002779,Dead | N/A,No,0,
WBGene00002780,Dead | N/A,No,0,
WBGene00002781,Dead | N/A,No,0,
WBGene00002782,Dead | N/A,No,0,
WBGene00002784,Dead | N/A,No,0,
WBGene00002787,Dead | N/A,No,0,
WBGene00002788,Dead | N/A,No,0,
WBGene00002805,Dead | N/A,No,0,
WBGene00002820,Dead | N/A,No,0,
WBGene00002995,Dead | N/A,No,0,
WBGene00003023,Dead | N/A,No,0,
WBGene00003027,Dead | N/A,No,0,
WBGene00003113,Dead | N/A,No,0,
WBGene00003118,Dead | N/A,No,0,
WBGene00003120,Dead | N/A,No,0,
WBGene00003125,Dead | N/A,No,0,
WBGene00003126,Dead | N/A,No,0,
WBGene00003127,Dead | N/A,No,0,
WBGene00003152,Dead | N/A,No,0,
WBGene00003188,Dead | N/A,No,0,
WBGene00003200,Dead | N/A,No,0,
WBGene00003255,Dead | N/A,No,0,
WBGene00003276,Dead | N/A,No,0,
WBGene00003320,Dead | N/A,No,0,
WBGene00003383,Dead | N/A,No,0,
WBGene00003505,Dead | N/A,No,0,
WBGene00003512,Dead | N/A,No,0,
WBGene00003513,Dead | N/A,No,0,
WBGene00003557,Dead | N/A,No,0,
WBGene00003631,Dead | N/A,No,0,
WBGene00003666,Dead | N/A,No,0,
WBGene00003737,Dead | N/A,No,0,
WBGene00003781,Dead | N/A,No,0,
WBGene00003782,Dead | N/A,No,0,
WBGene00003817,Dead | N/A,No,0,
WBGene00003819,Dead | N/A,No,0,
WBGene00003820,Dead | N/A,No,0,
WBGene00003823,Dead | N/A,No,0,
WBGene00003824,Dead | N/A,No,0,
WBGene00003855,Dead | N/A,No,0,
WBGene00003871,Dead | N/A,No,0,
WBGene00003872,Dead | N/A,No,0,
WBGene00003873,Dead | N/A,No,0,
WBGene00003874,Dead | N/A,No,0,
WBGene00003875,Dead | N/A,No,0,
WBGene00003944,Dead | N/A,No,0,
WBGene00003945,Dead | N/A,No,0,
WBGene00004018,Dead | N/A,No,0,
WBGene00004065,Dead | N/A,No,0,
WBGene00004067,Dead | N/A,No,0,
WBGene00004069,Dead | N/A,No,0,
WBGene00004097,Dead | ,No,0,
WBGene00004137,Dead | N/A,No,0,
WBGene00004142,Dead | N/A,No,0,
WBGene00004162,Dead | N/A,No,0,
WBGene00004260,Dead | N/A,No,0,
WBGene00004262,Dead | N/A,No,0,
WBGene00004263,Dead | N/A,No,0,
WBGene00004280,Dead | N/A,No,0,
WBGene00004288,Dead | N/A,No,0,
WBGene00004289,Dead | N/A,No,0,
WBGene00004290,Dead | N/A,No,0,
WBGene00004292,Dead | N/A,No,0,
WBGene00004294,Dead | N/A,No,0,
WBGene00004325,Dead | N/A,No,0,
WBGene00004327,Dead | N/A,No,0,
WBGene00004329,Dead | N/A,No,0,
WBGene00004366,Dead | N/A,No,0,
WBGene00004376,Dead | N/A,No,0,
WBGene00004379,Dead | N/A,No,0,
WBGene00004396,Dead | N/A,No,0,
WBGene00004500,Dead | N/A,No,0,
WBGene00004707,Dead | N/A,No,0,
WBGene00004720,Dead | N/A,No,0,
WBGene00004722,Dead | N/A,No,0,
WBGene00004724,Dead | N/A,No,0,
WBGene00004733,Dead | N/A,No,0,
WBGene00004757,Dead | N/A,No,0,
WBGene00004763,Dead | N/A,No,0,
WBGene00004797,Dead | N/A,No,0,
WBGene00004852,Dead | N/A,No,0,
WBGene00004853,Dead | N/A,No,0,
WBGene00004863,Dead | N/A,No,0,
WBGene00004934,Dead | N/A,No,0,
WBGene00004948,Dead | N/A,No,0,
WBGene00004982,Dead | N/A,No,0,
WBGene00004983,Dead | N/A,No,0,
WBGene00005152,Dead | ,No,0,
WBGene00005155,Dead | ,No,0,
WBGene00005209,Dead | ,No,0,
WBGene00005645,Dead | N/A,No,0,
WBGene00006030,Dead | N/A,No,0,
WBGene00006031,Dead | N/A,No,0,
WBGene00006032,Dead | N/A,No,0,
WBGene00006033,Dead | N/A,No,0,
WBGene00006034,Dead | N/A,No,0,
WBGene00006035,Dead | N/A,No,0,
WBGene00006036,Dead | N/A,No,0,
WBGene00006037,Dead | N/A,No,0,
WBGene00006041,Dead | N/A,No,0,
WBGene00006042,Dead | N/A,No,0,
WBGene00006043,Dead | N/A,No,0,
WBGene00006045,Dead | N/A,No,0,
WBGene00006046,Dead | N/A,No,0,
WBGene00006303,Dead | N/A,No,0,
WBGene00006312,Dead | N/A,No,0,
WBGene00006317,Dead | N/A,No,0,
WBGene00006325,Dead | N/A,No,0,
WBGene00006340,Dead | N/A,No,0,
WBGene00006341,Dead | N/A,No,0,
WBGene00006343,Dead | N/A,No,0,
WBGene00006370,Dead | N/A,No,0,
WBGene00006398,Dead | N/A,No,0,
WBGene00006400,Dead | N/A,No,0,
WBGene00006401,Dead | N/A,No,0,
WBGene00006403,Dead | N/A,No,0,
WBGene00006413,Dead | N/A,No,0,
WBGene00006417,Dead | N/A,No,0,
WBGene00006420,Dead | N/A,No,0,
WBGene00006421,Dead | N/A,No,0,
WBGene00006422,Dead | N/A,No,0,
WBGene00006425,Dead | N/A,No,0,
WBGene00006426,Dead | N/A,No,0,
WBGene00006427,Dead | N/A,No,0,
WBGene00006451,Dead | N/A,No,0,
WBGene00006453,Dead | N/A,No,0,
WBGene00006455,Dead | N/A,No,0,
WBGene00006456,Dead | N/A,No,0,
WBGene00006457,Dead | N/A,No,0,
WBGene00006458,Dead | N/A,No,0,
WBGene00006469,Dead | N/A,No,0,
WBGene00006480,Dead | N/A,No,0,
WBGene00006482,Dead | N/A,No,0,
WBGene00006485,Dead | N/A,No,0,
WBGene00006500,Dead | N/A,No,0,
WBGene00006501,Dead | N/A,No,0,
WBGene00006502,Dead | N/A,No,0,
WBGene00006506,Dead | N/A,No,0,
WBGene00006507,Dead | N/A,No,0,
WBGene00006511,Dead | N/A,No,0,
WBGene00006521,Dead | N/A,No,0,
WBGene00006548,Dead | N/A,No,0,
WBGene00006564,Dead | N/A,No,0,
WBGene00006581,Dead | N/A,No,0,
WBGene00006800,Dead | N/A,No,0,
WBGene00006813,Dead | N/A,No,0,
WBGene00006834,Dead | N/A,No,0,
WBGene00006847,Dead | N/A,No,0,
WBGene00006855,Dead | N/A,No,0,
WBGene00006879,Dead | N/A,No,0,
WBGene00006898,Dead | N/A,No,0,
WBGene00006899,Dead | N/A,No,0,
WBGene00006900,Dead | N/A,No,0,
WBGene00006909,Dead | N/A,No,0,
WBGene00006969,Dead | N/A,No,0,
WBGene00006989,Dead | N/A,No,0,
WBGene00007037,Dead | N/A,No,0,
WBGene00007040,Dead | N/A,No,0,
WBGene00007046,Dead | N/A,No,0,
WBGene00007051,Dead | N/A,No,0,
WBGene00007052,Dead | N/A,No,0,
WBGene00007061,Dead | N/A,No,0,
WBGene00007069,Dead | N/A,No,0,
WBGene00007084,Dead | N/A,No,0,
WBGene00007086,Dead | N/A,No,0,
WBGene00007095,Dead | N/A,No,0,
WBGene00007098,Dead | N/A,No,0,
WBGene00007157,Dead | N/A,No,0,
WBGene00007205,Suppressed | B0564.5,No,0,
WBGene00007263,Dead | N/A,No,0,
WBGene00007272,Dead | N/A,No,0,
WBGene00007276,Dead | N/A,No,0,
WBGene00007280,Suppressed | C03E10.2,No,0,
WBGene00007298,Suppressed | C04F12.2,No,0,
WBGene00007318,Dead | ,No,0,
WBGene00007371,Suppressed | C06B8.5,No,0,
WBGene00007477,Dead | N/A,No,0,
WBGene00007491,Dead | N/A,No,0,
WBGene00007498,Dead | N/A,No,0,
WBGene00007501,Dead | C09H10.7,No,0,
WBGene00007510,Dead | N/A,No,0,
WBGene00007519,Dead | N/A,No,0,
WBGene00007524,Dead | N/A,No,0,
WBGene00007526,Dead | N/A,No,0,
WBGene00007527,Dead | N/A,No,0,
WBGene00007532,Dead | N/A,No,0,
WBGene00007566,Dead | N/A,No,0,
WBGene00007568,Suppressed | C14A6.4,No,0,
WBGene00007575,Dead | N/A,No,0,
WBGene00007582,Dead | N/A,No,0,
WBGene00007596,Dead | N/A,No,0,
WBGene00007612,Dead | N/A,No,0,
WBGene00007634,Dead | N/A,No,0,
WBGene00007636,Dead | N/A,No,0,
WBGene00007663,Dead | N/A,No,0,
WBGene00007665,Dead | N/A,No,0,
WBGene00007671,Dead | N/A,No,0,
WBGene00007706,Dead | N/A,No,0,
WBGene00007737,Dead | N/A,No,0,
WBGene00007738,Dead | N/A,No,0,
WBGene00007781,Suppressed | C27H2.1,No,0,
WBGene00007782,Dead | N/A,No,0,
WBGene00007783,Dead | N/A,No,0,
WBGene00007790,Dead | N/A,No,0,
WBGene00007803,Suppressed | C29E6.6,No,0,
WBGene00007814,Dead | N/A,No,0,
WBGene00007815,Dead | ,No,0,
WBGene00007828,Dead | N/A,No,0,
WBGene00007830,Suppressed | C31A11.2,No,0,
WBGene00007839,Suppressed | C31C9.5,No,0,
WBGene00007843,Suppressed | C31E10.2,No,0,
WBGene00007845,Dead | N/A,No,0,
WBGene00007879,Dead | N/A,No,0,
WBGene00007884,Suppressed | C33A12.5,No,0,
WBGene00007915,Dead | N/A,No,0,
WBGene00007930,Dead | C34D1.2,No,0,
WBGene00007936,Dead | N/A,No,0,
WBGene00007940,Dead | N/A,No,0,
WBGene00007968,Suppressed | C36A4.7,No,0,
WBGene00008004,Dead | N/A,No,0,
WBGene00008011,Suppressed | C38D9.3,No,0,
WBGene00008046,Dead | N/A,No,0,
WBGene00008049,Dead | N/A,No,0,
WBGene00008103,Dead | N/A,No,0,
WBGene00008108,Dead | N/A,No,0,
WBGene00008109,Dead | N/A,No,0,
WBGene00008115,Dead | N/A,No,0,
WBGene00008116,Dead | N/A,No,0,
WBGene00008181,Dead | N/A,No,0,
WBGene00008182,Dead | N/A,No,0,
WBGene00008189,Suppressed | C49A1.8,No,0,
WBGene00008264,Dead | N/A,No,0,
WBGene00008276,Dead | N/A,No,0,
WBGene00008305,Dead | N/A,No,0,
WBGene00008329,Dead | N/A,No,0,
WBGene00008347,Dead | N/A,No,0,
WBGene00008391,Dead | N/A,No,0,
WBGene00008406,Dead | N/A,No,0,
WBGene00008416,Dead | N/A,No,0,
WBGene00008437,Dead | N/A,No,0,
WBGene00008445,Dead | N/A,No,0,
WBGene00008461,Dead | N/A,No,0,
WBGene00008466,Dead | N/A,No,0,
WBGene00008467,Dead | N/A,No,0,
WBGene00008469,Suppressed | E03H4.1,No,0,
WBGene00008525,Dead | N/A,No,0,
WBGene00008544,Dead | N/A,No,0,
WBGene00008562,Dead | N/A,No,0,
WBGene00008573,Dead | N/A,No,0,
WBGene00008608,Dead | N/A,No,0,
WBGene00008614,Suppressed | F09C3.6,No,0,
WBGene00008653,Dead | N/A,No,0,
WBGene00008668,Dead | N/A,No,0,
WBGene00008674,Dead | N/A,No,0,
WBGene00008689,Dead | N/A,No,0,
WBGene00008697,Suppressed | F11D11.2,No,0,
WBGene00008704,Suppressed | F11D11.9,No,0,
WBGene00008705,Dead | N/A,No,0,
WBGene00008715,Dead | N/A,No,0,
WBGene00008718,Dead | N/A,No,0,
WBGene00008721,Dead | N/A,No,0,
WBGene00008738,Dead | N/A,No,0,
WBGene00008756,Suppressed | F13E9.7,No,0,
WBGene00008771,Dead | N/A,No,0,
WBGene00008836,Suppressed | F15A2.7,No,0,
WBGene00008845,Dead | N/A,No,0,
WBGene00008846,Dead | N/A,No,0,
WBGene00008864,Suppressed | F15D4.7,No,0,
WBGene00008867,Dead | N/A,No,0,
WBGene00008888,Suppressed | F16D3.5,No,0,
WBGene00008895,Dead | N/A,No,0,
WBGene00008896,Dead | N/A,No,0,
WBGene00008913,Dead | N/A,No,0,
WBGene00008931,Dead | N/A,No,0,
WBGene00008938,Dead | N/A,No,0,
WBGene00008962,Dead | N/A,No,0,
WBGene00009003,Dead | N/A,No,0,
WBGene00009022,Dead | N/A,No,0,
WBGene00009034,Suppressed | F22B3.3,No,0,
WBGene00009037,Suppressed | F22B3.6,No,0,
WBGene00009040,Dead | N/A,No,0,
WBGene00009053,Dead | N/A,No,0,
WBGene00009062,Suppressed | F22G12.2,No,0,
WBGene00009066,Dead | N/A,No,0,
WBGene00009072,Suppressed | F23A7.7,No,0,
WBGene00009074,Dead | N/A,No,0,
WBGene00009080,Dead | N/A,No,0,
WBGene00009083,Dead | N/A,No,0,
WBGene00009105,Dead | N/A,No,0,
WBGene00009111,Dead | N/A,No,0,
WBGene00009175,Suppressed | F26H9.3,No,0,
WBGene00009181,Dead | N/A,No,0,
WBGene00009198,Dead | N/A,No,0,
WBGene00009199,Dead | N/A,No,0,
WBGene00009244,Dead | N/A,No,0,
WBGene00009253,Dead | N/A,No,0,
WBGene00009265,Suppressed | F30A10.7,No,0,
WBGene00009273,Suppressed | F30F8.4,No,0,
WBGene00009275,Dead | N/A,No,0,
WBGene00009282,Dead | N/A,No,0,
WBGene00009317,Dead | N/A,No,0,
WBGene00009348,Dead | N/A,No,0,
WBGene00009351,Dead | ,No,0,
WBGene00009376,Dead | N/A,No,0,
WBGene00009379,Dead | N/A,No,0,
WBGene00009407,Dead | N/A,No,0,
WBGene00009506,Dead | N/A,No,0,
WBGene00009516,Suppressed | F38A1.2,No,0,
WBGene00009545,Dead | N/A,No,0,
WBGene00009564,Dead | N/A,No,0,
WBGene00009591,Suppressed | F40F12.2,No,0,
WBGene00009655,Dead | N/A,No,0,
WBGene00009669,Suppressed | F43G9.7,No,0,
WBGene00009694,Dead | N/A,No,0,
WBGene00009699,Dead | N/A,No,0,
WBGene00009703,Suppressed | F44F4.8,No,0,
WBGene00009718,Dead | N/A,No,0,
WBGene00009719,Dead | N/A,No,0,
WBGene00009737,Dead | N/A,No,0,
WBGene00009792,Dead | N/A,No,0,
WBGene00009794,Dead | N/A,No,0,
WBGene00009795,Dead | N/A,No,0,
WBGene00009821,Suppressed | F47C8.1,No,0,
WBGene00009832,Suppressed | F47G9.5,No,0,
WBGene00009845,Dead | N/A,No,0,
WBGene00009847,Dead | N/A,No,0,
WBGene00009870,Suppressed | F49C5.8,No,0,
WBGene00009928,Dead | N/A,No,0,
WBGene00009932,Dead | N/A,No,0,
WBGene00009934,Dead | N/A,No,0,
WBGene00009970,Dead | N/A,No,0,
WBGene00009989,Dead | N/A,No,0,
WBGene00010029,Dead | N/A,No,0,
WBGene00010076,Dead | N/A,No,0,
WBGene00010078,Dead | N/A,No,0,
WBGene00010090,Dead | N/A,No,0,
WBGene00010151,Suppressed | F56D5.7,No,0,
WBGene00010154,Dead | N/A,No,0,
WBGene00010156,Dead | N/A,No,0,
WBGene00010164,Dead | F56H6.3,No,0,
WBGene00010190,Dead | N/A,No,0,
WBGene00010201,Dead | N/A,No,0,
WBGene00010207,Suppressed | F57G4.2,No,0,
WBGene00010208,Suppressed | F57G4.3,No,0,
WBGene00010210,Suppressed | F57G4.5,No,0,
WBGene00010211,Suppressed | F57G4.6,No,0,
WBGene00010213,Suppressed | F57G4.9,No,0,
WBGene00010252,Dead | N/A,No,0,
WBGene00010287,Dead | N/A,No,0,
WBGene00010302,Dead | N/A,No,0,
WBGene00010312,Dead | N/A,No,0,
WBGene00010346,Dead | ,No,0,
WBGene00010347,Dead | ,No,0,
WBGene00010384,Suppressed | H12D21.8,No,0,
WBGene00010393,Suppressed | H12I19.6,No,0,
WBGene00010398,Dead | N/A,No,0,
WBGene00010429,Dead | N/A,No,0,
WBGene00010438,Dead | N/A,No,0,
WBGene00010441,Dead | N/A,No,0,
WBGene00010443,Dead | N/A,No,0,
WBGene00010445,Dead | N/A,No,0,
WBGene00010452,Suppressed | K01A11.5,No,0,
WBGene00010462,Suppressed | K01D12.2,No,0,
WBGene00010482,Dead | N/A,No,0,
WBGene00010489,Suppressed | K02B7.1,No,0,
WBGene00010490,Suppressed | K02B7.2,No,0,
WBGene00010532,Suppressed | K03D3.6,No,0,
WBGene00010533,Suppressed | K03D3.8,No,0,
WBGene00010548,Dead | N/A,No,0,
WBGene00010549,Dead | N/A,No,0,
WBGene00010561,Dead | N/A,No,0,
WBGene00010668,Dead | N/A,No,0,
WBGene00010695,Dead | N/A,No,0,
WBGene00010696,Dead | N/A,No,0,
WBGene00010710,Dead | N/A,No,0,
WBGene00010729,Dead | N/A,No,0,
WBGene00010739,Dead | N/A,No,0,
WBGene00010751,Dead | N/A,No,0,
WBGene00010816,Dead | N/A,No,0,
WBGene00010826,Dead | N/A,No,0,
WBGene00010841,Dead | N/A,No,0,
WBGene00010852,Dead | N/A,No,0,
WBGene00010853,Suppressed | M04C7.2,No,0,
WBGene00010860,Dead | N/A,No,0,
WBGene00010861,Dead | N/A,No,0,
WBGene00010903,Dead | N/A,No,0,
WBGene00010914,Suppressed | M110.6,No,0,
WBGene00010997,Suppressed | R03G8.2,No,0,
WBGene00011031,Dead | N/A,No,0,
WBGene00011048,Suppressed | R06A4.3,No,0,
WBGene00011057,Dead | N/A,No,0,
WBGene00011080,Dead | ,No,0,
WBGene00011085,Dead | N/A,No,0,
WBGene00011086,Dead | N/A,No,0,
WBGene00011091,Dead | N/A,No,0,
WBGene00011118,Dead | N/A,No,0,
WBGene00011125,Suppressed | R07H5.5,No,0,
WBGene00011126,Suppressed | R07H5.6,No,0,
WBGene00011138,Dead | N/A,No,0,
WBGene00011148,Dead | ,No,0,
WBGene00011199,Dead | N/A,No,0,
WBGene00011204,Suppressed | R10E4.8,No,0,
WBGene00011233,Dead | N/A,No,0,
WBGene00011256,Dead | N/A,No,0,
WBGene00011301,Dead | N/A,No,0,
WBGene00011316,Dead | N/A,No,0,
WBGene00011332,Dead | N/A,No,0,
WBGene00011343,Dead | N/A,No,0,
WBGene00011347,Dead | N/A,No,0,
WBGene00011370,Suppressed | T02D1.1,No,0,
WBGene00011377,Dead | N/A,No,0,
WBGene00011384,Dead | N/A,No,0,
WBGene00011385,Dead | N/A,No,0,
WBGene00011406,Dead | N/A,No,0,
WBGene00011413,Dead | N/A,No,0,
WBGene00011455,Suppressed | T05A1.4,No,0,
WBGene00011457,Dead | N/A,No,0,
WBGene00011461,Dead | N/A,No,0,
WBGene00011477,Dead | N/A,No,0,
WBGene00011496,Suppressed | T05F1.12,No,0,
WBGene00011504,Dead | N/A,No,0,
WBGene00011525,Suppressed | T06D8.4,No,0,
WBGene00011552,Dead | N/A,No,0,
WBGene00011553,Dead | N/A,No,0,
WBGene00011555,Dead | N/A,No,0,
WBGene00011569,Suppressed | T07C12.2,No,0,
WBGene00011588,Dead | N/A,No,0,
WBGene00011598,Suppressed | T07G12.7,No,0,
WBGene00011602,Dead | N/A,No,0,
WBGene00011603,Dead | N/A,No,0,
WBGene00011632,Dead | N/A,No,0,
WBGene00011667,Suppressed | T09F5.7,No,0,
WBGene00011700,Dead | N/A,No,0,
WBGene00011711,Dead | N/A,No,0,
WBGene00011764,Dead | N/A,No,0,
WBGene00011766,Suppressed | T14C1.2,No,0,
WBGene00011769,Dead | N/A,No,0,
WBGene00011787,Dead | N/A,No,0,
WBGene00011792,Suppressed | T16A9.1,No,0,
WBGene00011825,Dead | N/A,No,0,
WBGene00011843,Suppressed | T19C9.7,No,0,
WBGene00011845,Dead | N/A,No,0,
WBGene00011861,Dead | N/A,No,0,
WBGene00011862,Dead | N/A,No,0,
WBGene00011863,Dead | N/A,No,0,
WBGene00011865,Suppressed | T20F10.4,No,0,
WBGene00011866,Dead | N/A,No,0,
WBGene00011881,Dead | N/A,No,0,
WBGene00011889,Dead | N/A,No,0,
WBGene00011901,Dead | N/A,No,0,
WBGene00011905,Dead | N/A,No,0,
WBGene00011907,Dead | N/A,No,0,
WBGene00011946,Dead | N/A,No,0,
WBGene00011987,Dead | N/A,No,0,
WBGene00011998,Dead | N/A,No,0,
WBGene00012001,Dead | N/A,No,0,
WBGene00012006,Dead | N/A,No,0,
WBGene00012071,Suppressed | T26H8.1,No,0,
WBGene00012076,Dead | N/A,No,0,
WBGene00012082,Suppressed | T27C5.9,No,0,
WBGene00012092,Suppressed | T27E7.7,No,0,
WBGene00012129,Dead | N/A,No,0,
WBGene00012141,Dead | N/A,No,0,
WBGene00012153,Dead | ,No,0,
WBGene00012154,Dead | N/A,No,0,
WBGene00012160,Dead | N/A,No,0,
WBGene00012161,Dead | N/A,No,0,
WBGene00012229,Dead | N/A,No,0,
WBGene00012262,Dead | N/A,No,0,
WBGene00012263,Suppressed | W04G5.1,No,0,
WBGene00012273,Dead | N/A,No,0,
WBGene00012327,Dead | N/A,No,0,
WBGene00012331,Dead | N/A,No,0,
WBGene00012338,Dead | N/A,No,0,
WBGene00012367,Dead | N/A,No,0,
WBGene00012380,Dead | N/A,No,0,
WBGene00012392,Suppressed | Y6B3B.8,No,0,
WBGene00012410,Dead | N/A,No,0,
WBGene00012417,Dead | N/A,No,0,
WBGene00012422,Dead | N/A,No,0,
WBGene00012427,Dead | N/A,No,0,
WBGene00012430,Suppressed | Y11D7A.6,No,0,
WBGene00012438,Dead | N/A,No,0,
WBGene00012447,Dead | N/A,No,0,
WBGene00012495,Dead | N/A,No,0,
WBGene00012506,Suppressed | Y26D4A.9,No,0,
WBGene00012507,Suppressed | Y26D4A.10,No,0,
WBGene00012508,Suppressed | Y26D4A.11,No,0,
WBGene00012510,Dead | N/A,No,0,
WBGene00012511,Suppressed | Y26D4A.14,No,0,
WBGene00012534,Suppressed | Y37A1A.1,No,0,
WBGene00012539,Dead | N/A,No,0,
WBGene00012563,Suppressed | Y37H2A.3,No,0,
WBGene00012598,Dead | N/A,No,0,
WBGene00012599,Dead | N/A,No,0,
WBGene00012601,Dead | N/A,No,0,
WBGene00012611,Dead | N/A,No,0,
WBGene00012613,Dead | N/A,No,0,
WBGene00012619,Suppressed | Y38H6C.6,No,0,
WBGene00012667,Dead | N/A,No,0,
WBGene00012677,Dead | N/A,No,0,
WBGene00012685,Dead | N/A,No,0,
WBGene00012687,Dead | N/A,No,0,
WBGene00012691,Dead | N/A,No,0,
WBGene00012733,Dead | N/A,No,0,
WBGene00012736,Dead | ,No,0,
WBGene00012737,Dead | N/A,No,0,
WBGene00012751,Dead | N/A,No,0,
WBGene00012774,Dead | N/A,No,0,
WBGene00012797,Suppressed | Y43F4A.2,No,0,
WBGene00012800,Dead | N/A,No,0,
WBGene00012801,Suppressed | Y43F4B.2,No,0,
WBGene00012805,Dead | N/A,No,0,
WBGene00012842,Dead | N/A,No,0,
WBGene00012843,Dead | N/A,No,0,
WBGene00012865,Dead | N/A,No,0,
WBGene00012881,Suppressed | Y45F10C.5,No,0,
WBGene00012882,Suppressed | Y45F10D.1,No,0,
WBGene00012884,Dead | N/A,No,0,
WBGene00012902,Dead | N/A,No,0,
WBGene00012918,Suppressed | Y46G5A.32,No,0,
WBGene00012944,Dead | N/A,No,0,
WBGene00012949,Suppressed | Y47H9C.3,No,0,
WBGene00012957,Dead | N/A,No,0,
WBGene00012963,Dead | N/A,No,0,
WBGene00012971,Dead | N/A,No,0,
WBGene00012986,Suppressed | Y48C3A.2,No,0,
WBGene00012991,Dead | N/A,No,0,
WBGene00013003,Dead | N/A,No,0,
WBGene00013005,Dead | N/A,No,0,
WBGene00013012,Dead | N/A,No,0,
WBGene00013016,Dead | N/A,No,0,
WBGene00013022,Suppressed | Y48G10A.5,No,0,
WBGene00013057,Dead | N/A,No,0,
WBGene00013065,Dead | N/A,No,0,
WBGene00013084,Dead | N/A,No,0,
WBGene00013092,Dead | N/A,No,0,
WBGene00013097,Dead | N/A,No,0,
WBGene00013099,Dead | N/A,No,0,
WBGene00013108,Suppressed | Y51H4A.14,No,0,
WBGene00013110,Dead | N/A,No,0,
WBGene00013115,Dead | N/A,No,0,
WBGene00013133,Dead | N/A,No,0,
WBGene00013174,Suppressed | Y53F4B.34,No,0,
WBGene00013183,Dead | N/A,No,0,
WBGene00013185,Dead | N/A,No,0,
WBGene00013191,Dead | N/A,No,0,
WBGene00013199,Dead | N/A,No,0,
WBGene00013205,Dead | N/A,No,0,
WBGene00013206,Dead | N/A,No,0,
WBGene00013229,Suppressed | Y56A3A.9,No,0,
WBGene00013245,Dead | N/A,No,0,
WBGene00013262,Dead | N/A,No,0,
WBGene00013271,Dead | N/A,No,0,
WBGene00013274,Dead | N/A,No,0,
WBGene00013291,Dead | N/A,No,0,
WBGene00013309,Dead | N/A,No,0,
WBGene00013314,Suppressed | Y57G11C.19,No,0,
WBGene00013342,Dead | N/A,No,0,
WBGene00013346,Dead | N/A,No,0,
WBGene00013377,Dead | N/A,No,0,
WBGene00013384,Dead | N/A,No,0,
WBGene00013413,Suppressed | Y64G10A.3,No,0,
WBGene00013414,Suppressed | Y64G10A.5,No,0,
WBGene00013420,Dead | N/A,No,0,
WBGene00013423,Dead | N/A,No,0,
WBGene00013428,Suppressed | Y66D12A.2,No,0,
WBGene00013430,Dead | N/A,No,0,
WBGene00013444,Dead | N/A,No,0,
WBGene00013488,Dead | N/A,No,0,
WBGene00013504,Suppressed | Y71A12B.7,No,0,
WBGene00013533,Suppressed | Y73F8A.29,No,0,
WBGene00013546,Dead | N/A,No,0,
WBGene00013582,Dead | N/A,No,0,
WBGene00013600,Suppressed | Y87G2A.12,No,0,
WBGene00013630,Suppressed | Y102A5D.1,No,0,
WBGene00013641,Dead | N/A,No,0,
WBGene00013660,Suppressed | Y105C5B.22,No,0,
WBGene00013663,Suppressed | Y105C5B.26,No,0,
WBGene00013664,Suppressed | Y105C5B.27,No,0,
WBGene00013675,Dead | N/A,No,0,
WBGene00013678,Dead | ,No,0,
WBGene00013681,Dead | N/A,No,0,
WBGene00013686,Dead | N/A,No,0,
WBGene00013714,Suppressed | Y106G6G.5,No,0,
WBGene00013715,Dead | N/A,No,0,
WBGene00013731,Dead | N/A,No,0,
WBGene00013733,Dead | ,No,0,
WBGene00013743,Dead | N/A,No,0,
WBGene00013745,Dead | N/A,No,0,
WBGene00013767,Dead | N/A,No,0,
WBGene00013769,Dead | N/A,No,0,
WBGene00013780,Suppressed | Y116A8B.2,No,0,
WBGene00013787,Dead | N/A,No,0,
WBGene00013793,Dead | N/A,No,0,
WBGene00013813,Dead | N/A,No,0,
WBGene00013818,Dead | N/A,No,0,
WBGene00013851,Dead | N/A,No,0,
WBGene00013861,Suppressed | ZC247.4,No,0,
WBGene00013864,Dead | N/A,No,0,
WBGene00013885,Dead | N/A,No,0,
WBGene00013922,Dead | N/A,No,0,
WBGene00013936,Suppressed | ZK218.2,No,0,
WBGene00013945,Suppressed | ZK228.2,No,0,
WBGene00013952,Suppressed | ZK262.5,No,0,
WBGene00013977,Dead | N/A,No,0,
WBGene00013981,Dead | N/A,No,0,
WBGene00013990,Dead | N/A,No,0,
WBGene00013991,Dead | N/A,No,0,
WBGene00013992,Dead | N/A,No,0,
WBGene00014010,Dead | N/A,No,0,
WBGene00014038,Dead | N/A,No,0,
WBGene00014056,Dead | N/A,No,0,
WBGene00014059,Dead | N/A,No,0,
WBGene00014071,Dead | N/A,No,0,
WBGene00014072,Dead | N/A,No,0,
WBGene00014110,Dead | N/A,No,0,
WBGene00014133,Dead | N/A,No,0,
WBGene00014146,Dead | N/A,No,0,
WBGene00014167,Dead | N/A,No,0,
WBGene00014187,Dead | N/A,No,0,
WBGene00014211,Dead | N/A,No,0,
WBGene00014212,Dead | N/A,No,0,
WBGene00014231,Dead | N/A,No,0,
WBGene00014237,Suppressed | ZK1225.3,No,0,
WBGene00014257,Suppressed | ZK1320.8,No,0,
WBGene00014383,Dead | N/A,No,0,
WBGene00014412,Dead | N/A,No,0,
WBGene00014492,Dead | R166.6,No,0,
WBGene00014642,Dead | N/A,No,0,
WBGene00014661,Dead | N/A,No,0,
WBGene00014662,Dead | N/A,No,0,
WBGene00014680,Dead | N/A,No,0,
WBGene00014687,Dead | N/A,No,0,
WBGene00014688,Dead | N/A,No,0,
WBGene00014690,Dead | N/A,No,0,
WBGene00014709,Suppressed | C48D1.6,No,0,
WBGene00014712,Suppressed | C50H2.9,No,0,
WBGene00014713,Dead | N/A,No,0,
WBGene00014725,Dead | N/A,No,0,
WBGene00014726,Dead | N/A,No,0,
WBGene00014736,Dead | N/A,No,0,
WBGene00014737,Dead | N/A,No,0,
WBGene00014739,Suppressed | F21D9.7,No,0,
WBGene00014742,Dead | N/A,No,0,
WBGene00014743,Dead | N/A,No,0,
WBGene00014747,Dead | N/A,No,0,
WBGene00014749,Dead | N/A,No,0,
WBGene00014750,Dead | N/A,No,0,
WBGene00014756,Dead | N/A,No,0,
WBGene00014762,Dead | N/A,No,0,
WBGene00014765,Dead | N/A,No,0,
WBGene00014774,Suppressed | F57G4.7,No,0,
WBGene00014780,Dead | N/A,No,0,
WBGene00014791,Dead | N/A,No,0,
WBGene00014792,Dead | N/A,No,0,
WBGene00014795,Suppressed | K03D7.1,No,0,
WBGene00014797,Dead | N/A,No,0,
WBGene00014802,Dead | N/A,No,0,
WBGene00014804,Dead | N/A,No,0,
WBGene00014808,Dead | N/A,No,0,
WBGene00014810,Dead | N/A,No,0,
WBGene00014812,Dead | N/A,No,0,
WBGene00014815,Dead | N/A,No,0,
WBGene00014816,Dead | N/A,No,0,
WBGene00014823,Dead | N/A,No,0,
WBGene00014830,Dead | N/A,No,0,
WBGene00014831,Suppressed | T04A11.11,No,0,
WBGene00014840,Dead | N/A,No,0,
WBGene00014847,Suppressed | T27F6.9,No,0,
WBGene00014859,Dead | N/A,No,0,
WBGene00014860,Dead | N/A,No,0,
WBGene00014899,Dead | N/A,No,0,
WBGene00014900,Dead | N/A,No,0,
WBGene00014901,Dead | N/A,No,0,
WBGene00014913,Dead | N/A,No,0,
WBGene00014919,Dead | N/A,No,0,
WBGene00014940,Suppressed | Y67H2A.3,No,0,
WBGene00014942,Dead | N/A,No,0,
WBGene00014959,Dead | N/A,No,0,
WBGene00014960,Dead | N/A,No,0,
WBGene00014968,Dead | N/A,No,0,
WBGene00014982,Dead | N/A,No,0,
WBGene00014985,Dead | N/A,No,0,
WBGene00014986,Dead | N/A,No,0,
WBGene00014988,Dead | N/A,No,0,
WBGene00014995,Dead | N/A,No,0,
WBGene00015031,Dead | N/A,No,0,
WBGene00015039,Suppressed | B0213.1,No,0,
WBGene00015060,Dead | N/A,No,0,
WBGene00015086,Dead | N/A,No,0,
WBGene00015090,Dead | N/A,No,0,
WBGene00015109,Suppressed | B0281.2,No,0,
WBGene00015120,Suppressed | B0302.3,No,0,
WBGene00015123,Suppressed | B0302.6,No,0,
WBGene00015127,Suppressed | B0303.5,No,0,
WBGene00015140,Dead | N/A,No,0,
WBGene00015144,Dead | N/A,No,0,
WBGene00015154,Dead | N/A,No,0,
WBGene00015166,Suppressed | B0403.1,No,0,
WBGene00015174,Dead | N/A,No,0,
WBGene00015187,Dead | N/A,No,0,
WBGene00015195,Dead | N/A,No,0,
WBGene00015201,Suppressed | B0478.2,No,0,
WBGene00015209,Dead | N/A,No,0,
WBGene00015212,Dead | N/A,No,0,
WBGene00015213,Dead | N/A,No,0,
WBGene00015234,Dead | N/A,No,0,
WBGene00015239,Dead | N/A,No,0,
WBGene00015240,Dead | N/A,No,0,
WBGene00015256,Dead | N/A,No,0,
WBGene00015274,Dead | N/A,No,0,
WBGene00015275,Dead | N/A,No,0,
WBGene00015276,Dead | N/A,No,0,
WBGene00015289,Suppressed | C01B12.6,No,0,
WBGene00015290,Dead | N/A,No,0,
WBGene00015302,Dead | N/A,No,0,
WBGene00015304,Dead | N/A,No,0,
WBGene00015314,Dead | N/A,No,0,
WBGene00015319,Suppressed | C02A12.7,No,0,
WBGene00015343,Dead | N/A,No,0,
WBGene00015358,Dead | N/A,No,0,
WBGene00015363,Dead | N/A,No,0,
WBGene00015365,Suppressed | C03A7.1,No,0,
WBGene00015370,Dead | N/A,No,0,
WBGene00015383,Dead | N/A,No,0,
WBGene00015384,Dead | N/A,No,0,
WBGene00015415,Dead | N/A,No,0,
WBGene00015420,Dead | N/A,No,0,
WBGene00015431,Dead | N/A,No,0,
WBGene00015443,Dead | N/A,No,0,
WBGene00015445,Dead | N/A,No,0,
WBGene00015452,Dead | N/A,No,0,
WBGene00015475,Dead | N/A,No,0,
WBGene00015482,Dead | N/A,No,0,
WBGene00015490,Suppressed | C05E4.8,No,0,
WBGene00015498,Dead | N/A,No,0,
WBGene00015502,Suppressed | C06A5.4,No,0,
WBGene00015503,Suppressed | C06A5.5,No,0,
WBGene00015506,Suppressed | C06A5.10,No,0,
WBGene00015542,Dead | N/A,No,0,
WBGene00015543,Suppressed | C06E8.4,No,0,
WBGene00015548,Dead | N/A,No,0,
WBGene00015556,Suppressed | C06G3.12,No,0,
WBGene00015563,Dead | N/A,No,0,
WBGene00015571,Dead | N/A,No,0,
WBGene00015584,Dead | N/A,No,0,
WBGene00015585,Dead | N/A,No,0,
WBGene00015612,Suppressed | C08F1.9,No,0,
WBGene00015617,Dead | N/A,No,0,
WBGene00015643,Dead | N/A,No,0,
WBGene00015657,Suppressed | C09G12.7,No,0,
WBGene00015659,Dead | N/A,No,0,
WBGene00015669,Dead | N/A,No,0,
WBGene00015674,Dead | N/A,No,0,
WBGene00015699,Dead | N/A,No,0,
WBGene00015715,Dead | N/A,No,0,
WBGene00015717,Suppressed | C12D12.6,No,0,
WBGene00015732,Suppressed | C13B9.1,No,0,
WBGene00015749,Dead | N/A,No,0,
WBGene00015804,Dead | N/A,No,0,
WBGene00015808,Dead | N/A,No,0,
WBGene00015812,Dead | N/A,No,0,
WBGene00015831,Dead | N/A,No,0,
WBGene00015844,Suppressed | C16C8.6,No,0,
WBGene00015880,Dead | N/A,No,0,
WBGene00015881,Suppressed | C17B7.7,No,0,
WBGene00015923,Suppressed | C17H11.3,No,0,
WBGene00015951,Dead | N/A,No,0,
WBGene00015966,Dead | N/A,No,0,
WBGene00015967,Dead | N/A,No,0,
WBGene00015973,Dead | N/A,No,0,
WBGene00015983,Dead | N/A,No,0,
WBGene00015995,Dead | N/A,No,0,
WBGene00016001,Dead | N/A,No,0,
WBGene00016007,Dead | N/A,No,0,
WBGene00016026,Dead | N/A,No,0,
WBGene00016031,Suppressed | C24A1.4,No,0,
WBGene00016035,Suppressed | C24A3.7,No,0,
WBGene00016036,Dead | N/A,No,0,
WBGene00016041,Dead | N/A,No,0,
WBGene00016042,Dead | N/A,No,0,
WBGene00016043,Dead | N/A,No,0,
WBGene00016065,Suppressed | C24G7.3,No,0,
WBGene00016079,Dead | N/A,No,0,
WBGene00016086,Dead | N/A,No,0,
WBGene00016098,Dead | N/A,No,0,
WBGene00016117,Dead | N/A,No,0,
WBGene00016122,Dead | N/A,No,0,
WBGene00016127,Dead | N/A,No,0,
WBGene00016141,Dead | N/A,No,0,
WBGene00016176,Dead | N/A,No,0,
WBGene00016186,Suppressed | C28F5.5,No,0,
WBGene00016205,Dead | N/A,No,0,
WBGene00016214,Suppressed | C29F5.6,No,0,
WBGene00016228,Dead | N/A,No,0,
WBGene00016229,Dead | N/A,No,0,
WBGene00016240,Dead | N/A,No,0,
WBGene00016241,Suppressed | C30A5.9,No,0,
WBGene00016243,Dead | N/A,No,0,
WBGene00016251,Dead | N/A,No,0,
WBGene00016252,Dead | N/A,No,0,
WBGene00016256,Dead | N/A,No,0,
WBGene00016267,Suppressed | C30G4.1,No,0,
WBGene00016270,Dead | N/A,No,0,
WBGene00016272,Dead | N/A,No,0,
WBGene00016275,Dead | N/A,No,0,
WBGene00016290,Dead | N/A,No,0,
WBGene00016342,Dead | N/A,No,0,
WBGene00016348,Suppressed | C33E10.6,No,0,
WBGene00016372,Dead | N/A,No,0,
WBGene00016377,Dead | N/A,No,0,
WBGene00016385,Dead | N/A,No,0,
WBGene00016401,Suppressed | C34D4.5,No,0,
WBGene00016426,Dead | N/A,No,0,
WBGene00016482,Suppressed | C36C5.13,No,0,
WBGene00016498,Dead | N/A,No,0,
WBGene00016510,Dead | N/A,No,0,
WBGene00016515,Dead | N/A,No,0,
WBGene00016536,Dead | N/A,No,0,
WBGene00016552,Suppressed | C40A11.9,No,0,
WBGene00016560,Dead | N/A,No,0,
WBGene00016563,Dead | N/A,No,0,
WBGene00016569,Dead | N/A,No,0,
WBGene00016571,Dead | N/A,No,0,
WBGene00016584,Dead | N/A,No,0,
WBGene00016593,Dead | N/A,No,0,
WBGene00016604,Dead | N/A,No,0,
WBGene00016615,Dead | N/A,No,0,
WBGene00016618,Dead | N/A,No,0,
WBGene00016640,Suppressed | C44B12.7,No,0,
WBGene00016651,Dead | N/A,No,0,
WBGene00016656,Dead | N/A,No,0,
WBGene00016672,Dead | N/A,No,0,
WBGene00016715,Dead | N/A,No,0,
WBGene00016723,Suppressed | C46G7.3,No,0,
WBGene00016726,Dead | N/A,No,0,
WBGene00016736,Dead | N/A,No,0,
WBGene00016771,Suppressed | C49D10.1,No,0,
WBGene00016774,Dead | N/A,No,0,
WBGene00016780,Dead | N/A,No,0,
WBGene00016784,Dead | N/A,No,0,
WBGene00016787,Dead | N/A,No,0,
WBGene00016802,Dead | N/A,No,0,
WBGene00016814,Dead | N/A,No,0,
WBGene00016819,Dead | N/A,No,0,
WBGene00016875,Dead | N/A,No,0,
WBGene00016876,Dead | N/A,No,0,
WBGene00016878,Suppressed | C52D10.5,No,0,
WBGene00016887,Suppressed | C52E2.8,No,0,
WBGene00016897,Dead | N/A,No,0,
WBGene00016904,Dead | N/A,No,0,
WBGene00016908,Dead | N/A,No,0,
WBGene00016910,Dead | N/A,No,0,
WBGene00016936,Suppressed | C54H2.2,No,0,
WBGene00016952,Dead | N/A,No,0,
WBGene00016967,Dead | N/A,No,0,
WBGene00016969,Dead | N/A,No,0,
WBGene00016986,Dead | N/A,No,0,
WBGene00016991,Dead | N/A,No,0,
WBGene00016994,Dead | N/A,No,0,
WBGene00017006,Dead | N/A,No,0,
WBGene00017008,Dead | N/A,No,0,
WBGene00017030,Dead | N/A,No,0,
WBGene00017043,Dead | N/A,No,0,
WBGene00017047,Dead | N/A,No,0,
WBGene00017049,Dead | N/A,No,0,
WBGene00017067,Dead | N/A,No,0,
WBGene00017081,Dead | N/A,No,0,
WBGene00017086,Dead | N/A,No,0,
WBGene00017130,Dead | N/A,No,0,
WBGene00017145,Dead | N/A,No,0,
WBGene00017155,Dead | N/A,No,0,
WBGene00017167,Dead | N/A,No,0,
WBGene00017171,Dead | N/A,No,0,
WBGene00017187,Suppressed | F07B7.6,No,0,
WBGene00017196,Dead | N/A,No,0,
WBGene00017206,Suppressed | F07C7.1,No,0,
WBGene00017234,Dead | N/A,No,0,
WBGene00017242,Dead | N/A,No,0,
WBGene00017256,Dead | N/A,No,0,
WBGene00017276,Dead | N/A,No,0,
WBGene00017318,Dead | N/A,No,0,
WBGene00017337,Dead | N/A,No,0,
WBGene00017346,Dead | N/A,No,0,
WBGene00017368,Dead | N/A,No,0,
WBGene00017377,Dead | N/A,No,0,
WBGene00017409,Dead | N/A,No,0,
WBGene00017425,Dead | N/A,No,0,
WBGene00017457,Suppressed | F14D2.9,No,0,
WBGene00017458,Dead | N/A,No,0,
WBGene00017477,Dead | N/A,No,0,
WBGene00017479,Dead | N/A,No,0,
WBGene00017495,Dead | N/A,No,0,
WBGene00017531,Dead | N/A,No,0,
WBGene00017558,Dead | N/A,No,0,
WBGene00017561,Suppressed | F18C5.7,No,0,
WBGene00017572,Dead | N/A,No,0,
WBGene00017575,Dead | N/A,No,0,
WBGene00017595,Dead | N/A,No,0,
WBGene00017596,Dead | N/A,No,0,
WBGene00017604,Dead | N/A,No,0,
WBGene00017617,Dead | N/A,No,0,
WBGene00017622,Suppressed | F20B4.2,No,0,
WBGene00017623,Dead | N/A,No,0,
WBGene00017624,Dead | N/A,No,0,
WBGene00017626,Suppressed | F20B4.7,No,0,
WBGene00017649,Dead | ,No,0,
WBGene00017665,Suppressed | F21E9.1,No,0,
WBGene00017669,Suppressed | F21E9.5,No,0,
WBGene00017682,Dead | N/A,No,0,
WBGene00017689,Dead | N/A,No,0,
WBGene00017697,Dead | N/A,No,0,
WBGene00017728,Dead | N/A,No,0,
WBGene00017740,Dead | N/A,No,0,
WBGene00017753,Dead | N/A,No,0,
WBGene00017793,Dead | N/A,No,0,
WBGene00017804,Dead | N/A,No,0,
WBGene00017812,Dead | N/A,No,0,
WBGene00017820,Dead | N/A,No,0,
WBGene00017844,Dead | N/A,No,0,
WBGene00017846,Suppressed | F27B3.4,No,0,
WBGene00017847,Dead | N/A,No,0,
WBGene00017856,Dead | N/A,No,0,
WBGene00017857,Dead | N/A,No,0,
WBGene00017859,Dead | N/A,No,0,
WBGene00017862,Dead | N/A,No,0,
WBGene00017863,Dead | N/A,No,0,
WBGene00017882,Dead | N/A,No,0,
WBGene00017883,Dead | N/A,No,0,
WBGene00017884,Dead | N/A,No,0,
WBGene00017897,Suppressed | F28C10.2,No,0,
WBGene00017903,Dead | N/A,No,0,
WBGene00017915,Dead | N/A,No,0,
WBGene00017932,Dead | N/A,No,0,
WBGene00017940,Dead | N/A,No,0,
WBGene00017943,Suppressed | F31A9.6,No,0,
WBGene00017946,Dead | N/A,No,0,
WBGene00017953,Dead | N/A,No,0,
WBGene00017958,Dead | N/A,No,0,
WBGene00017966,Dead | N/A,No,0,
WBGene00017972,Dead | N/A,No,0,
WBGene00017994,Dead | N/A,No,0,
WBGene00018012,Dead | N/A,No,0,
WBGene00018020,Suppressed | F33H12.6,No,0,
WBGene00018028,Dead | N/A,No,0,
WBGene00018029,Suppressed | F35B3.2,No,0,
WBGene00018032,Suppressed | F35B3.6,No,0,
WBGene00018079,Dead | N/A,No,0,
WBGene00018086,Dead | N/A,No,0,
WBGene00018095,Dead | N/A,No,0,
WBGene00018116,Dead | N/A,No,0,
WBGene00018126,Dead | N/A,No,0,
WBGene00018128,Dead | N/A,No,0,
WBGene00018129,Dead | N/A,No,0,
WBGene00018147,Dead | N/A,No,0,
WBGene00018171,Dead | N/A,No,0,
WBGene00018177,Dead | N/A,No,0,
WBGene00018183,Dead | N/A,No,0,
WBGene00018185,Suppressed | F38E9.3,No,0,
WBGene00018197,Suppressed | F39E9.5,No,0,
WBGene00018220,Dead | N/A,No,0,
WBGene00018263,Suppressed | F41B5.6,No,0,
WBGene00018272,Dead | N/A,No,0,
WBGene00018276,Dead | N/A,No,0,
WBGene00018277,Dead | N/A,No,0,
WBGene00018287,Dead | N/A,No,0,
WBGene00018299,Dead | F41G3.2,No,0,
WBGene00018306,Dead | N/A,No,0,
WBGene00018308,Dead | N/A,No,0,
WBGene00018320,Dead | N/A,No,0,
WBGene00018331,Dead | N/A,No,0,
WBGene00018368,Dead | N/A,No,0,
WBGene00018372,Dead | ,No,0,
WBGene00018396,Dead | N/A,No,0,
WBGene00018401,Dead | N/A,No,0,
WBGene00018416,Suppressed | F44E2.2,No,0,
WBGene00018453,Suppressed | F45D11.6,No,0,
WBGene00018464,Dead | N/A,No,0,
WBGene00018469,Dead | N/A,No,0,
WBGene00018524,Dead | N/A,No,0,
WBGene00018546,Dead | N/A,No,0,
WBGene00018570,Dead | N/A,No,0,
WBGene00018574,Dead | N/A,No,0,
WBGene00018581,Dead | N/A,No,0,
WBGene00018583,Dead | N/A,No,0,
WBGene00018584,Dead | N/A,No,0,
WBGene00018587,Dead | F48B9.1,No,0,
WBGene00018588,Dead | N/A,No,0,
WBGene00018592,Suppressed | F48B9.7,No,0,
WBGene00018597,Dead | N/A,No,0,
WBGene00018629,Suppressed | F49D11.5,No,0,
WBGene00018633,Dead | N/A,No,0,
WBGene00018642,Dead | N/A,No,0,
WBGene00018673,Dead | N/A,No,0,
WBGene00018676,Suppressed | F52C9.6,No,0,
WBGene00018677,Dead | N/A,No,0,
WBGene00018685,Dead | N/A,No,0,
WBGene00018686,Suppressed | F52D2.3,No,0,
WBGene00018695,Dead | N/A,No,0,
WBGene00018705,Dead | N/A,No,0,
WBGene00018722,Dead | N/A,No,0,
WBGene00018733,Dead | N/A,No,0,
WBGene00018737,Dead | N/A,No,0,
WBGene00018753,Suppressed | F53C3.9,No,0,
WBGene00018770,Dead | N/A,No,0,
WBGene00018775,Dead | N/A,No,0,
WBGene00018780,Dead | N/A,No,0,
WBGene00018790,Dead | N/A,No,0,
WBGene00018796,Suppressed | F54D7.1,No,0,
WBGene00018799,Dead | N/A,No,0,
WBGene00018800,Dead | N/A,No,0,
WBGene00018801,Suppressed | F54D8.5,No,0,
WBGene00018817,Dead | N/A,No,0,
WBGene00018818,Dead | N/A,No,0,
WBGene00018832,Dead | N/A,No,0,
WBGene00018843,Suppressed | F54H12.3,No,0,
WBGene00018858,Suppressed | F55A4.6,No,0,
WBGene00018876,Dead | N/A,No,0,
WBGene00018887,Dead | N/A,No,0,
WBGene00018889,Dead | N/A,No,0,
WBGene00018905,Dead | N/A,No,0,
WBGene00018916,Suppressed | F56A4.8,No,0,
WBGene00018922,Suppressed | F56A6.3,No,0,
WBGene00018927,Dead | N/A,No,0,
WBGene00018936,Dead | N/A,No,0,
WBGene00018947,Suppressed | F56C9.2,No,0,
WBGene00018956,Dead | N/A,No,0,
WBGene00018962,Dead | N/A,No,0,
WBGene00018977,Dead | N/A,No,0,
WBGene00018983,Suppressed | F56F4.7,No,0,
WBGene00019000,Dead | N/A,No,0,
WBGene00019031,Dead | N/A,No,0,
WBGene00019033,Suppressed | F58E1.1,No,0,
WBGene00019052,Dead | N/A,No,0,
WBGene00019056,Dead | N/A,No,0,
WBGene00019071,Suppressed | F58H7.6,No,0,
WBGene00019078,Dead | N/A,No,0,
WBGene00019083,Dead | F59A3.10,No,0,
WBGene00019088,Dead | N/A,No,0,
WBGene00019093,Dead | N/A,No,0,
WBGene00019110,Dead | N/A,No,0,
WBGene00019136,Suppressed | F59H6.5,No,0,
WBGene00019147,Suppressed | H02F09.4,No,0,
WBGene00019161,Dead | N/A,No,0,
WBGene00019172,Dead | N/A,No,0,
WBGene00019173,Dead | ,No,0,
WBGene00019175,Dead | N/A,No,0,
WBGene00019191,Dead | N/A,No,0,
WBGene00019195,Suppressed | H14A12.1,No,0,
WBGene00019201,Dead | N/A,No,0,
WBGene00019206,Dead | N/A,No,0,
WBGene00019210,Suppressed | H18N23.1,No,0,
WBGene00019223,Dead | ,No,0,
WBGene00019238,Dead | N/A,No,0,
WBGene00019252,Suppressed | H28G03.4,No,0,
WBGene00019256,Dead | N/A,No,0,
WBGene00019258,Dead | N/A,No,0,
WBGene00019271,Dead | N/A,No,0,
WBGene00019291,Suppressed | K02A2.6,No,0,
WBGene00019307,Suppressed | K02E7.2,No,0,
WBGene00019308,Suppressed | K02E7.3,No,0,
WBGene00019325,Dead | N/A,No,0,
WBGene00019330,Dead | N/A,No,0,
WBGene00019336,Dead | N/A,No,0,
WBGene00019358,Dead | N/A,No,0,
WBGene00019359,Dead | N/A,No,0,
WBGene00019363,Dead | N/A,No,0,
WBGene00019366,Suppressed | K03F8.1,No,0,
WBGene00019375,Dead | N/A,No,0,
WBGene00019377,Dead | N/A,No,0,
WBGene00019378,Suppressed | K04A8.7,No,0,
WBGene00019397,Suppressed | K04F10.5,No,0,
WBGene00019398,Dead | N/A,No,0,
WBGene00019440,Dead | N/A,No,0,
WBGene00019443,Dead | N/A,No,0,
WBGene00019446,Suppressed | K06C4.14,No,0,
WBGene00019447,Suppressed | K06C4.15,No,0,
WBGene00019463,Dead | N/A,No,0,
WBGene00019468,Dead | N/A,No,0,
WBGene00019474,Dead | N/A,No,0,
WBGene00019475,Dead | N/A,No,0,
WBGene00019499,Suppressed | K07E8.10,No,0,
WBGene00019500,Dead | N/A,No,0,
WBGene00019505,Dead | N/A,No,0,
WBGene00019523,Dead | N/A,No,0,
WBGene00019528,Suppressed | K08D10.1,No,0,
WBGene00019539,Dead | N/A,No,0,
WBGene00019542,Suppressed | K08F11.2,No,0,
WBGene00019551,Dead | N/A,No,0,
WBGene00019555,Dead | N/A,No,0,
WBGene00019573,Suppressed | K09E3.1,No,0,
WBGene00019581,Suppressed | K09E10.3,No,0,
WBGene00019585,Suppressed | K09F6.2,No,0,
WBGene00019596,Suppressed | K09H9.4,No,0,
WBGene00019602,Dead | N/A,No,0,
WBGene00019610,Suppressed | K10B3.2,No,0,
WBGene00019632,Dead | N/A,No,0,
WBGene00019634,Dead | N/A,No,0,
WBGene00019635,Suppressed | K10E9.2,No,0,
WBGene00019637,Suppressed | K10F12.5,No,0,
WBGene00019670,Dead | N/A,No,0,
WBGene00019671,Dead | N/A,No,0,
WBGene00019694,Suppressed | M01A10.4,No,0,
WBGene00019695,Dead | N/A,No,0,
WBGene00019696,Suppressed | M01B12.1,No,0,
WBGene00019701,Suppressed | M01D1.4,No,0,
WBGene00019707,Dead | N/A,No,0,
WBGene00019708,Dead | N/A,No,0,
WBGene00019737,Dead | N/A,No,0,
WBGene00019752,Dead | N/A,No,0,
WBGene00019775,Dead | N/A,No,0,
WBGene00019790,Suppressed | M116.3,No,0,
WBGene00019802,Dead | N/A,No,0,
WBGene00019848,Dead | N/A,No,0,
WBGene00019852,Dead | N/A,No,0,
WBGene00019860,Suppressed | R03H10.9,No,0,
WBGene00019876,Dead | N/A,No,0,
WBGene00019889,Suppressed | R05F9.4,No,0,
WBGene00019897,Suppressed | R05G6.2,No,0,
WBGene00019910,Dead | N/A,No,0,
WBGene00019936,Dead | N/A,No,0,
WBGene00019942,Dead | N/A,No,0,
WBGene00019958,Dead | N/A,No,0,
WBGene00019974,Suppressed | R09A1.4,No,0,
WBGene00019984,Suppressed | R09E12.5,No,0,
WBGene00019985,Suppressed | R09E12.6,No,0,
WBGene00019990,Suppressed | R09H3.1,No,0,
WBGene00020000,Suppressed | R10H1.3,No,0,
WBGene00020001,Dead | N/A,No,0,
WBGene00020002,Dead | N/A,No,0,
WBGene00020005,Suppressed | R11E3.3,No,0,
WBGene00020009,Dead | N/A,No,0,
WBGene00020024,Dead | N/A,No,0,
WBGene00020044,Dead | N/A,No,0,
WBGene00020061,Suppressed | R13D11.7,No,0,
WBGene00020074,Suppressed | R52.2,No,0,
WBGene00020079,Dead | N/A,No,0,
WBGene00020085,Dead | N/A,No,0,
WBGene00020108,Dead | N/A,No,0,
WBGene00020124,Suppressed | R173.2,No,0,
WBGene00020132,Dead | N/A,No,0,
WBGene00020133,Dead | N/A,No,0,
WBGene00020147,Dead | N/A,No,0,
WBGene00020159,Dead | N/A,No,0,
WBGene00020161,Dead | N/A,No,0,
WBGene00020162,Dead | N/A,No,0,
WBGene00020165,Suppressed | T02G5.5,No,0,
WBGene00020186,Suppressed | T03F1.4,No,0,
WBGene00020198,Dead | N/A,No,0,
WBGene00020206,Dead | N/A,No,0,
WBGene00020213,Dead | N/A,No,0,
WBGene00020226,Dead | N/A,No,0,
WBGene00020253,Dead | N/A,No,0,
WBGene00020255,Suppressed | T05C3.3,No,0,
WBGene00020257,Dead | N/A,No,0,
WBGene00020272,Suppressed | T05H4.9,No,0,
WBGene00020278,Dead | N/A,No,0,
WBGene00020303,Dead | N/A,No,0,
WBGene00020310,Suppressed | T07D3.8,No,0,
WBGene00020312,Suppressed | T07E3.1,No,0,
WBGene00020331,Dead | N/A,No,0,
WBGene00020332,Dead | N/A,No,0,
WBGene00020336,Dead | N/A,No,0,
WBGene00020337,Dead | N/A,No,0,
WBGene00020344,Dead | N/A,No,0,
WBGene00020355,Dead | N/A,No,0,
WBGene00020367,Dead | N/A,No,0,
WBGene00020387,Suppressed | T10B5.1,No,0,
WBGene00020395,Suppressed | T10B5.9,No,0,
WBGene00020405,Dead | ,No,0,
WBGene00020429,Dead | N/A,No,0,
WBGene00020470,Dead | N/A,No,0,
WBGene00020477,Dead | N/A,No,0,
WBGene00020493,Dead | N/A,No,0,
WBGene00020495,Dead | N/A,No,0,
WBGene00020512,Suppressed | T14G12.1,No,0,
WBGene00020513,Dead | N/A,No,0,
WBGene00020514,Suppressed | T14G12.5,No,0,
WBGene00020518,Dead | N/A,No,0,
WBGene00020519,Dead | N/A,No,0,
WBGene00020521,Dead | N/A,No,0,
WBGene00020529,Dead | N/A,No,0,
WBGene00020538,Suppressed | T16A1.9,No,0,
WBGene00020552,Dead | N/A,No,0,
WBGene00020570,Dead | N/A,No,0,
WBGene00020597,Dead | N/A,No,0,
WBGene00020606,Dead | N/A,No,0,
WBGene00020610,Dead | N/A,No,0,
WBGene00020621,Dead | N/A,No,0,
WBGene00020643,Dead | N/A,No,0,
WBGene00020644,Suppressed | T20H12.2,No,0,
WBGene00020654,Dead | N/A,No,0,
WBGene00020668,Dead | N/A,No,0,
WBGene00020671,Dead | N/A,No,0,
WBGene00020676,Dead | N/A,No,0,
WBGene00020677,Dead | N/A,No,0,
WBGene00020681,Dead | N/A,No,0,
WBGene00020685,Dead | N/A,No,0,
WBGene00020704,Dead | N/A,No,0,
WBGene00020723,Suppressed | T23B12.9,No,0,
WBGene00020724,Suppressed | T23B12.10,No,0,
WBGene00020731,Suppressed | T23E7.1,No,0,
WBGene00020733,Suppressed | T23E7.3,No,0,
WBGene00020734,Dead | N/A,No,0,
WBGene00020745,Dead | N/A,No,0,
WBGene00020768,Dead | N/A,No,0,
WBGene00020776,Dead | N/A,No,0,
WBGene00020780,Suppressed | T24H5.1,No,0,
WBGene00020810,Dead | N/A,No,0,
WBGene00020814,Suppressed | T25G12.8,No,0,
WBGene00020815,Suppressed | T25G12.9,No,0,
WBGene00020816,Dead | N/A,No,0,
WBGene00020818,Dead | N/A,No,0,
WBGene00020828,Dead | T26C11.2,No,0,
WBGene00020848,Dead | N/A,No,0,
WBGene00020876,Suppressed | T28A11.14,No,0,
WBGene00020907,Dead | N/A,No,0,
WBGene00020916,Dead | N/A,No,0,
WBGene00020925,Dead | N/A,No,0,
WBGene00020926,Dead | N/A,No,0,
WBGene00020928,Dead | N/A,No,0,
WBGene00020934,Dead | N/A,No,0,
WBGene00020956,Dead | N/A,No,0,
WBGene00020958,Suppressed | W02H5.3,No,0,
WBGene00020959,Suppressed | W02H5.4,No,0,
WBGene00020960,Dead | ,No,0,
WBGene00020963,Dead | N/A,No,0,
WBGene00020965,Dead | N/A,No,0,
WBGene00020968,Dead | N/A,No,0,
WBGene00020969,Dead | N/A,No,0,
WBGene00020975,Dead | N/A,No,0,
WBGene00020980,Dead | N/A,No,0,
WBGene00020996,Dead | N/A,No,0,
WBGene00020998,Dead | N/A,No,0,
WBGene00021062,Dead | N/A,No,0,
WBGene00021064,Dead | N/A,No,0,
WBGene00021065,Dead | N/A,No,0,
WBGene00021069,Dead | N/A,No,0,
WBGene00021071,Dead | N/A,No,0,
WBGene00021077,Suppressed | W07E6.6,No,0,
WBGene00021102,Dead | N/A,No,0,
WBGene00021105,Dead | N/A,No,0,
WBGene00021119,Dead | N/A,No,0,
WBGene00021126,Dead | N/A,No,0,
WBGene00021147,Dead | N/A,No,0,
WBGene00021172,Dead | Y8A9A.3,No,0,
WBGene00021189,Dead | N/A,No,0,
WBGene00021194,Suppressed | Y16E11A.2,No,0,
WBGene00021203,Dead | N/A,No,0,
WBGene00021206,Dead | N/A,No,0,
WBGene00021211,Dead | N/A,No,0,
WBGene00021229,Dead | N/A,No,0,
WBGene00021231,Dead | N/A,No,0,
WBGene00021240,Suppressed | Y20F4.5,No,0,
WBGene00021242,Dead | N/A,No,0,
WBGene00021250,Dead | Y22D7AL.12,No,0,
WBGene00021251,Dead | Y22D7AL.13,No,0,
WBGene00021255,Dead | N/A,No,0,
WBGene00021258,Dead | N/A,No,0,
WBGene00021283,Dead | N/A,No,0,
WBGene00021306,Suppressed | Y32G9A.9,No,0,
WBGene00021307,Dead | N/A,No,0,
WBGene00021308,Dead | N/A,No,0,
WBGene00021318,Dead | N/A,No,0,
WBGene00021330,Dead | N/A,No,0,
WBGene00021341,Dead | N/A,No,0,
WBGene00021356,Suppressed | Y37E3.18,No,0,
WBGene00021361,Dead | N/A,No,0,
WBGene00021393,Dead | ,No,0,
WBGene00021399,Dead | N/A,No,0,
WBGene00021411,Dead | N/A,No,0,
WBGene00021422,Suppressed | Y38F2AR.4,No,0,
WBGene00021424,Dead | N/A,No,0,
WBGene00021426,Dead | N/A,No,0,
WBGene00021429,Dead | N/A,No,0,
WBGene00021431,Dead | N/A,No,0,
WBGene00021432,Suppressed | Y39A3A.1,No,0,
WBGene00021445,Dead | N/A,No,0,
WBGene00021447,Dead | N/A,No,0,
WBGene00021455,Suppressed | Y39F10A.4,No,0,
WBGene00021459,Dead | N/A,No,0,
WBGene00021462,Dead | N/A,No,0,
WBGene00021480,Dead | ,No,0,
WBGene00021481,Dead | N/A,No,0,
WBGene00021498,Suppressed | Y40C7B.1,No,0,
WBGene00021499,Suppressed | Y40C7B.3,No,0,
WBGene00021501,Suppressed | Y40C7B.5,No,0,
WBGene00021523,Dead | N/A,No,0,
WBGene00021550,Dead | N/A,No,0,
WBGene00021575,Suppressed | Y45G12C.13,No,0,
WBGene00021577,Suppressed | Y46B2A.2,No,0,
WBGene00021584,Suppressed | Y46C8AL.6,No,0,
WBGene00021588,Dead | N/A,No,0,
WBGene00021598,Dead | N/A,No,0,
WBGene00021618,Dead | N/A,No,0,
WBGene00021642,Dead | N/A,No,0,
WBGene00021652,Dead | N/A,No,0,
WBGene00021659,Dead | N/A,No,0,
WBGene00021663,Suppressed | Y48G1BL.4,No,0,
WBGene00021665,Dead | N/A,No,0,
WBGene00021669,Suppressed | Y48G1BM.4,No,0,
WBGene00021670,Dead | N/A,No,0,
WBGene00021674,Dead | N/A,No,0,
WBGene00021680,Dead | N/A,No,0,
WBGene00021684,Dead | N/A,No,0,
WBGene00021688,Dead | N/A,No,0,
WBGene00021695,Dead | N/A,No,0,
WBGene00021696,Dead | N/A,No,0,
WBGene00021699,Suppressed | Y48G9A.5,No,0,
WBGene00021705,Dead | N/A,No,0,
WBGene00021712,Suppressed | Y49F6A.4,No,0,
WBGene00021742,Dead | N/A,No,0,
WBGene00021759,Dead | ,No,0,
WBGene00021760,Dead | N/A,No,0,
WBGene00021761,Suppressed | Y51B11A.1,No,0,
WBGene00021762,Suppressed | Y51F10.1,No,0,
WBGene00021767,Dead | N/A,No,0,
WBGene00021769,Suppressed | Y51F10.8,No,0,
WBGene00021770,Dead | N/A,No,0,
WBGene00021775,Dead | N/A,No,0,
WBGene00021777,Dead | N/A,No,0,
WBGene00021782,Dead | N/A,No,0,
WBGene00021802,Suppressed | Y53G8AM.1,No,0,
WBGene00021803,Dead | Y53G8AM.2,No,0,
WBGene00021822,Dead | Y54C5A.1,No,0,
WBGene00021823,Suppressed | Y54C5B.1,No,0,
WBGene00021824,Dead | N/A,No,0,
WBGene00021825,Dead | N/A,No,0,
WBGene00021836,Dead | N/A,No,0,
WBGene00021837,Dead | Y54E10BL.1,No,0,
WBGene00021851,Dead | N/A,No,0,
WBGene00021874,Dead | N/A,No,0,
WBGene00021891,Dead | N/A,No,0,
WBGene00021896,Dead | N/A,No,0,
WBGene00021903,Dead | ,No,0,
WBGene00021916,Dead | Y55D5A.2,No,0,
WBGene00021924,Dead | N/A,No,0,
WBGene00021937,Dead | N/A,No,0,
WBGene00021940,Dead | N/A,No,0,
WBGene00021944,Dead | ,No,0,
WBGene00021946,Dead | N/A,No,0,
WBGene00021954,Suppressed | Y55H10B.1,No,0,
WBGene00021955,Suppressed | Y55H10B.2,No,0,
WBGene00021962,Dead | N/A,No,0,
WBGene00021982,Suppressed | Y58G8A.2,No,0,
WBGene00021989,Suppressed | Y59E1A.3,No,0,
WBGene00021991,Dead | N/A,No,0,
WBGene00022009,Dead | N/A,No,0,
WBGene00022041,Dead | N/A,No,0,
WBGene00022049,Dead | N/A,No,0,
WBGene00022050,Dead | N/A,No,0,
WBGene00022058,Dead | N/A,No,0,
WBGene00022065,Dead | N/A,No,0,
WBGene00022068,Dead | N/A,No,0,
WBGene00022080,Dead | N/A,No,0,
WBGene00022081,Suppressed | Y69A2AR.10,No,0,
WBGene00022084,Dead | N/A,No,0,
WBGene00022088,Dead | N/A,No,0,
WBGene00022091,Suppressed | Y69A2AR.20,No,0,
WBGene00022098,Dead | N/A,No,0,
WBGene00022105,Suppressed | Y71D11A.4,No,0,
WBGene00022109,Suppressed | Y71F9AL.3,No,0,
WBGene00022116,Dead | Y71F9AL.11,No,0,
WBGene00022120,Dead | N/A,No,0,
WBGene00022132,Dead | N/A,No,0,
WBGene00022135,Dead | N/A,No,0,
WBGene00022136,Dead | N/A,No,0,
WBGene00022137,Dead | N/A,No,0,
WBGene00022147,Dead | N/A,No,0,
WBGene00022151,Dead | N/A,No,0,
WBGene00022164,Dead | N/A,No,0,
WBGene00022183,Dead | N/A,No,0,
WBGene00022184,Dead | N/A,No,0,
WBGene00022186,Dead | N/A,No,0,
WBGene00022187,Dead | N/A,No,0,
WBGene00022208,Suppressed | Y73B3A.6,No,0,
WBGene00022212,Dead | N/A,No,0,
WBGene00022220,Suppressed | Y73B3A.19,No,0,
WBGene00022226,Dead | N/A,No,0,
WBGene00022234,Dead | N/A,No,0,
WBGene00022238,Dead | N/A,No,0,
WBGene00022239,Suppressed | Y73B6BL.16,No,0,
WBGene00022241,Dead | N/A,No,0,
WBGene00022293,Suppressed | Y75D11A.4,No,0,
WBGene00022294,Suppressed | Y75D11A.5,No,0,
WBGene00022299,Suppressed | Y76B12C.5,No,0,
WBGene00022304,Suppressed | Y76G2A.1,No,0,
WBGene00022305,Suppressed | Y76G2A.2,No,0,
WBGene00022355,Dead | N/A,No,0,
WBGene00022359,Dead | N/A,No,0,
WBGene00022362,Dead | N/A,No,0,
WBGene00022364,Dead | N/A,No,0,
WBGene00022383,Dead | N/A,No,0,
WBGene00022384,Suppressed | Y95B8A.3,No,0,
WBGene00022387,Dead | N/A,No,0,
WBGene00022414,Suppressed | Y102A11A.4,No,0,
WBGene00022422,Dead | N/A,No,0,
WBGene00022424,Dead | N/A,No,0,
WBGene00022430,Suppressed | Y108F1.2,No,0,
WBGene00022436,Dead | N/A,No,0,
WBGene00022437,Dead | N/A,No,0,
WBGene00022449,Dead | ,No,0,
WBGene00022451,Dead | N/A,No,0,
WBGene00022461,Dead | N/A,No,0,
WBGene00022464,Dead | N/A,No,0,
WBGene00022468,Dead | N/A,No,0,
WBGene00022480,Suppressed | Y119D3A.5,No,0,
WBGene00022510,Suppressed | ZC53.3,No,0,
WBGene00022513,Dead | N/A,No,0,
WBGene00022514,Suppressed | ZC64.1,No,0,
WBGene00022520,Suppressed | ZC132.1,No,0,
WBGene00022523,Suppressed | ZC132.4,No,0,
WBGene00022524,Suppressed | ZC132.5,No,0,
WBGene00022525,Dead | N/A,No,0,
WBGene00022535,Dead | N/A,No,0,
WBGene00022543,Dead | N/A,No,0,
WBGene00022585,Dead | N/A,No,0,
WBGene00022595,Dead | N/A,No,0,
WBGene00022602,Dead | N/A,No,0,
WBGene00022607,Dead | N/A,No,0,
WBGene00022625,Dead | N/A,No,0,
WBGene00022626,Dead | N/A,No,0,
WBGene00022659,Dead | N/A,No,0,
WBGene00022661,Dead | ZK112.5,No,0,
WBGene00022676,Dead | N/A,No,0,
WBGene00022684,Suppressed | ZK250.1,No,0,
WBGene00022686,Suppressed | ZK250.3,No,0,
WBGene00022687,Suppressed | ZK250.4,No,0,
WBGene00022692,Suppressed | ZK250.9,No,0,
WBGene00022693,Suppressed | ZK250.10,No,0,
WBGene00022701,Dead | N/A,No,0,
WBGene00022740,Dead | N/A,No,0,
WBGene00022764,Suppressed | ZK546.8,No,0,
WBGene00022768,Suppressed | ZK563.3,No,0,
WBGene00022777,Dead | N/A,No,0,
WBGene00022779,Dead | N/A,No,0,
WBGene00022784,Dead | N/A,No,0,
WBGene00022819,Dead | N/A,No,0,
WBGene00022828,Dead | N/A,No,0,
WBGene00022839,Dead | N/A,No,0,
WBGene00022841,Dead | N/A,No,0,
WBGene00022844,Dead | N/A,No,0,
WBGene00022859,Dead | N/A,No,0,
WBGene00022860,Dead | N/A,No,0,
WBGene00022863,Suppressed | ZK1236.4,No,0,
WBGene00022878,Dead | N/A,No,0,
WBGene00022879,Dead | N/A,No,0,
WBGene00023114,Dead | N/A,No,0,
WBGene00023258,Dead | N/A,No,0,
WBGene00023261,Dead | N/A,No,0,
WBGene00023280,Dead | N/A,No,0,
WBGene00023286,Suppressed | F44C4.6,No,0,
WBGene00023292,Suppressed | F54D8.9,No,0,
WBGene00023347,Suppressed | T22F3.1,No,0,
WBGene00023350,Dead | N/A,No,0,
WBGene00023374,Dead | N/A,No,0,
WBGene00023403,Suppressed | ZK682.1,No,0,
WBGene00023406,Suppressed | K01G12.1,No,0,
WBGene00023412,Dead | N/A,No,0,
WBGene00023426,Dead | N/A,No,0,
WBGene00023433,Suppressed | B0513.10,No,0,
WBGene00023434,Suppressed | C04F12.11,No,0,
WBGene00023435,Suppressed | C31A11.8,No,0,
WBGene00023436,Suppressed | F08G12.6,No,0,
WBGene00023437,Suppressed | F35E8.3,No,0,
WBGene00023438,Suppressed | F59C6.1,No,0,
WBGene00023439,Suppressed | R05A10.9,No,0,
WBGene00023440,Suppressed | T01C1.1,No,0,
WBGene00023441,Suppressed | T21B4.11,No,0,
WBGene00023442,Suppressed | Y37D8A.7,No,0,
WBGene00023443,Suppressed | Y51A2C.1,No,0,
WBGene00023444,Suppressed | Y51H4A.29,No,0,
WBGene00023445,Suppressed | Y73F8A.28,No,0,
WBGene00023446,Suppressed | Y94A7B.2,No,0,
WBGene00023447,Suppressed | ZC334.4,No,0,
WBGene00023448,Suppressed | ZK856.2,No,0,
WBGene00023449,Suppressed | ZK1251.4,No,0,
WBGene00023473,Suppressed | F58A4.13,No,0,
WBGene00043063,Dead | N/A,No,0,
WBGene00043070,Dead | N/A,No,0,
WBGene00043071,Dead | N/A,No,0,
WBGene00043072,Dead | N/A,No,0,
WBGene00043073,Dead | N/A,No,0,
WBGene00043074,Dead | N/A,No,0,
WBGene00043075,Dead | N/A,No,0,
WBGene00043076,Dead | N/A,No,0,
WBGene00043077,Dead | N/A,No,0,
WBGene00043078,Dead | N/A,No,0,
WBGene00043079,Dead | N/A,No,0,
WBGene00043080,Dead | N/A,No,0,
WBGene00043081,Dead | N/A,No,0,
WBGene00043082,Dead | N/A,No,0,
WBGene00043083,Dead | N/A,No,0,
WBGene00043084,Dead | N/A,No,0,
WBGene00043085,Dead | N/A,No,0,
WBGene00043086,Dead | N/A,No,0,
WBGene00043087,Dead | N/A,No,0,
WBGene00043088,Dead | N/A,No,0,
WBGene00043089,Dead | N/A,No,0,
WBGene00043090,Dead | N/A,No,0,
WBGene00043091,Dead | N/A,No,0,
WBGene00043092,Dead | N/A,No,0,
WBGene00043093,Dead | N/A,No,0,
WBGene00043094,Dead | N/A,No,0,
WBGene00043095,Dead | N/A,No,0,
WBGene00043096,Dead | N/A,No,0,
WBGene00043098,Dead | N/A,No,0,
WBGene00043099,Dead | N/A,No,0,
WBGene00043100,Dead | N/A,No,0,
WBGene00043101,Dead | N/A,No,0,
WBGene00043102,Dead | N/A,No,0,
WBGene00043103,Dead | N/A,No,0,
WBGene00043104,Dead | N/A,No,0,
WBGene00043105,Dead | N/A,No,0,
WBGene00043106,Dead | N/A,No,0,
WBGene00043107,Dead | N/A,No,0,
WBGene00043108,Dead | N/A,No,0,
WBGene00043109,Dead | N/A,No,0,
WBGene00043110,Dead | N/A,No,0,
WBGene00043111,Dead | N/A,No,0,
WBGene00043112,Dead | N/A,No,0,
WBGene00043113,Dead | N/A,No,0,
WBGene00043114,Dead | N/A,No,0,
WBGene00043115,Dead | N/A,No,0,
WBGene00043116,Dead | N/A,No,0,
WBGene00043117,Dead | N/A,No,0,
WBGene00043118,Dead | N/A,No,0,
WBGene00043119,Dead | N/A,No,0,
WBGene00043121,Dead | N/A,No,0,
WBGene00043122,Dead | N/A,No,0,
WBGene00043123,Dead | N/A,No,0,
WBGene00043124,Dead | N/A,No,0,
WBGene00043125,Dead | N/A,No,0,
WBGene00043126,Dead | N/A,No,0,
WBGene00043127,Dead | N/A,No,0,
WBGene00043128,Dead | N/A,No,0,
WBGene00043129,Dead | N/A,No,0,
WBGene00043130,Dead | N/A,No,0,
WBGene00043131,Dead | N/A,No,0,
WBGene00043132,Dead | N/A,No,0,
WBGene00043133,Dead | N/A,No,0,
WBGene00043134,Dead | N/A,No,0,
WBGene00043135,Dead | N/A,No,0,
WBGene00043136,Dead | N/A,No,0,
WBGene00043137,Dead | N/A,No,0,
WBGene00043138,Dead | N/A,No,0,
WBGene00043139,Dead | N/A,No,0,
WBGene00043140,Dead | N/A,No,0,
WBGene00043141,Dead | N/A,No,0,
WBGene00043142,Dead | N/A,No,0,
WBGene00043143,Dead | N/A,No,0,
WBGene00043144,Dead | N/A,No,0,
WBGene00043145,Dead | N/A,No,0,
WBGene00043146,Dead | N/A,No,0,
WBGene00043148,Dead | N/A,No,0,
WBGene00043149,Dead | N/A,No,0,
WBGene00043150,Dead | N/A,No,0,
WBGene00043151,Dead | N/A,No,0,
WBGene00043152,Dead | N/A,No,0,
WBGene00043153,Dead | N/A,No,0,
WBGene00043154,Dead | N/A,No,0,
WBGene00043155,Dead | N/A,No,0,
WBGene00043157,Dead | N/A,No,0,
WBGene00043158,Dead | N/A,No,0,
WBGene00043159,Dead | N/A,No,0,
WBGene00043160,Dead | N/A,No,0,
WBGene00043161,Dead | N/A,No,0,
WBGene00043162,Dead | N/A,No,0,
WBGene00043163,Dead | N/A,No,0,
WBGene00043164,Dead | N/A,No,0,
WBGene00043165,Dead | N/A,No,0,
WBGene00043166,Dead | N/A,No,0,
WBGene00043167,Dead | N/A,No,0,
WBGene00043168,Dead | N/A,No,0,
WBGene00043169,Dead | N/A,No,0,
WBGene00043170,Dead | N/A,No,0,
WBGene00043171,Dead | N/A,No,0,
WBGene00043172,Dead | N/A,No,0,
WBGene00043173,Dead | N/A,No,0,
WBGene00043174,Dead | N/A,No,0,
WBGene00043175,Dead | N/A,No,0,
WBGene00043176,Dead | N/A,No,0,
WBGene00043177,Dead | N/A,No,0,
WBGene00043178,Dead | N/A,No,0,
WBGene00043179,Dead | N/A,No,0,
WBGene00043180,Dead | N/A,No,0,
WBGene00043181,Dead | N/A,No,0,
WBGene00043182,Dead | N/A,No,0,
WBGene00043183,Dead | N/A,No,0,
WBGene00043184,Dead | N/A,No,0,
WBGene00043185,Dead | N/A,No,0,
WBGene00043186,Dead | N/A,No,0,
WBGene00043188,Dead | N/A,No,0,
WBGene00043189,Dead | N/A,No,0,
WBGene00043190,Dead | N/A,No,0,
WBGene00043191,Dead | N/A,No,0,
WBGene00043192,Dead | N/A,No,0,
WBGene00043193,Dead | N/A,No,0,
WBGene00043194,Dead | N/A,No,0,
WBGene00043195,Dead | N/A,No,0,
WBGene00043196,Dead | N/A,No,0,
WBGene00043197,Dead | N/A,No,0,
WBGene00043198,Dead | N/A,No,0,
WBGene00043199,Dead | N/A,No,0,
WBGene00043200,Dead | N/A,No,0,
WBGene00043201,Dead | N/A,No,0,
WBGene00043202,Dead | N/A,No,0,
WBGene00043203,Dead | N/A,No,0,
WBGene00043204,Dead | N/A,No,0,
WBGene00043205,Dead | N/A,No,0,
WBGene00043206,Dead | N/A,No,0,
WBGene00043207,Dead | N/A,No,0,
WBGene00043208,Dead | N/A,No,0,
WBGene00043209,Dead | N/A,No,0,
WBGene00043210,Dead | N/A,No,0,
WBGene00043211,Dead | N/A,No,0,
WBGene00043212,Dead | N/A,No,0,
WBGene00043213,Dead | N/A,No,0,
WBGene00043214,Dead | N/A,No,0,
WBGene00043215,Dead | N/A,No,0,
WBGene00043216,Dead | N/A,No,0,
WBGene00043217,Dead | N/A,No,0,
WBGene00043218,Dead | N/A,No,0,
WBGene00043219,Dead | N/A,No,0,
WBGene00043220,Dead | N/A,No,0,
WBGene00043221,Dead | N/A,No,0,
WBGene00043222,Dead | N/A,No,0,
WBGene00043223,Dead | N/A,No,0,
WBGene00043224,Dead | N/A,No,0,
WBGene00043225,Dead | N/A,No,0,
WBGene00043226,Dead | N/A,No,0,
WBGene00043227,Dead | N/A,No,0,
WBGene00043228,Dead | N/A,No,0,
WBGene00043229,Dead | N/A,No,0,
WBGene00043230,Dead | N/A,No,0,
WBGene00043231,Dead | N/A,No,0,
WBGene00043232,Dead | N/A,No,0,
WBGene00043233,Dead | N/A,No,0,
WBGene00043234,Dead | N/A,No,0,
WBGene00043235,Dead | N/A,No,0,
WBGene00043236,Dead | N/A,No,0,
WBGene00043237,Dead | N/A,No,0,
WBGene00043238,Dead | N/A,No,0,
WBGene00043240,Dead | N/A,No,0,
WBGene00043241,Dead | N/A,No,0,
WBGene00043242,Dead | N/A,No,0,
WBGene00043243,Dead | N/A,No,0,
WBGene00043244,Dead | N/A,No,0,
WBGene00043245,Dead | N/A,No,0,
WBGene00043246,Dead | N/A,No,0,
WBGene00043247,Dead | N/A,No,0,
WBGene00043248,Dead | N/A,No,0,
WBGene00043249,Dead | N/A,No,0,
WBGene00043250,Dead | N/A,No,0,
WBGene00043251,Dead | N/A,No,0,
WBGene00043252,Dead | N/A,No,0,
WBGene00043253,Dead | N/A,No,0,
WBGene00043254,Dead | N/A,No,0,
WBGene00043255,Dead | N/A,No,0,
WBGene00043256,Dead | N/A,No,0,
WBGene00043257,Dead | N/A,No,0,
WBGene00043258,Dead | N/A,No,0,
WBGene00043259,Dead | N/A,No,0,
WBGene00043260,Dead | N/A,No,0,
WBGene00043261,Dead | N/A,No,0,
WBGene00043262,Dead | N/A,No,0,
WBGene00043263,Dead | N/A,No,0,
WBGene00043264,Dead | N/A,No,0,
WBGene00043265,Dead | N/A,No,0,
WBGene00043266,Dead | N/A,No,0,
WBGene00043267,Dead | N/A,No,0,
WBGene00043268,Dead | N/A,No,0,
WBGene00043269,Dead | N/A,No,0,
WBGene00043270,Dead | N/A,No,0,
WBGene00043271,Dead | N/A,No,0,
WBGene00043272,Dead | N/A,No,0,
WBGene00043273,Dead | N/A,No,0,
WBGene00043274,Dead | N/A,No,0,
WBGene00043275,Dead | N/A,No,0,
WBGene00043276,Dead | N/A,No,0,
WBGene00043277,Dead | N/A,No,0,
WBGene00043278,Dead | N/A,No,0,
WBGene00043280,Dead | N/A,No,0,
WBGene00043281,Dead | N/A,No,0,
WBGene00043282,Dead | N/A,No,0,
WBGene00043284,Dead | N/A,No,0,
WBGene00043285,Dead | N/A,No,0,
WBGene00043286,Dead | N/A,No,0,
WBGene00043287,Dead | N/A,No,0,
WBGene00043288,Dead | N/A,No,0,
WBGene00043289,Dead | N/A,No,0,
WBGene00043290,Dead | N/A,No,0,
WBGene00043291,Dead | N/A,No,0,
WBGene00043292,Dead | N/A,No,0,
WBGene00043293,Dead | N/A,No,0,
WBGene00043294,Dead | N/A,No,0,
WBGene00043295,Dead | N/A,No,0,
WBGene00043296,Dead | N/A,No,0,
WBGene00043298,Dead | N/A,No,0,
WBGene00043299,Dead | N/A,No,0,
WBGene00043300,Dead | N/A,No,0,
WBGene00043301,Dead | N/A,No,0,
WBGene00043303,Dead | N/A,No,0,
WBGene00043304,Dead | N/A,No,0,
WBGene00043305,Dead | N/A,No,0,
WBGene00043306,Dead | N/A,No,0,
WBGene00043307,Dead | N/A,No,0,
WBGene00043309,Dead | N/A,No,0,
WBGene00043310,Dead | N/A,No,0,
WBGene00043311,Dead | N/A,No,0,
WBGene00043312,Dead | N/A,No,0,
WBGene00043313,Dead | N/A,No,0,
WBGene00043314,Dead | N/A,No,0,
WBGene00043315,Dead | N/A,No,0,
WBGene00043316,Dead | N/A,No,0,
WBGene00043317,Dead | N/A,No,0,
WBGene00043318,Dead | N/A,No,0,
WBGene00043319,Dead | N/A,No,0,
WBGene00043320,Dead | N/A,No,0,
WBGene00043321,Dead | N/A,No,0,
WBGene00043322,Dead | N/A,No,0,
WBGene00043323,Dead | N/A,No,0,
WBGene00043324,Dead | N/A,No,0,
WBGene00043325,Dead | N/A,No,0,
WBGene00043326,Dead | N/A,No,0,
WBGene00043329,Dead | N/A,No,0,
WBGene00043330,Dead | N/A,No,0,
WBGene00043331,Dead | N/A,No,0,
WBGene00043332,Dead | N/A,No,0,
WBGene00043333,Dead | N/A,No,0,
WBGene00043334,Dead | N/A,No,0,
WBGene00043335,Dead | N/A,No,0,
WBGene00043336,Dead | N/A,No,0,
WBGene00043337,Dead | N/A,No,0,
WBGene00043338,Dead | N/A,No,0,
WBGene00043339,Dead | N/A,No,0,
WBGene00043340,Dead | N/A,No,0,
WBGene00043341,Dead | N/A,No,0,
WBGene00043342,Dead | N/A,No,0,
WBGene00043343,Dead | N/A,No,0,
WBGene00043344,Dead | N/A,No,0,
WBGene00043345,Dead | N/A,No,0,
WBGene00043346,Dead | ,No,0,
WBGene00043347,Dead | ,No,0,
WBGene00043348,Dead | N/A,No,0,
WBGene00043349,Dead | N/A,No,0,
WBGene00043350,Dead | N/A,No,0,
WBGene00043351,Dead | N/A,No,0,
WBGene00043352,Dead | N/A,No,0,
WBGene00043353,Dead | N/A,No,0,
WBGene00043354,Dead | N/A,No,0,
WBGene00043355,Dead | N/A,No,0,
WBGene00043356,Dead | N/A,No,0,
WBGene00043357,Dead | N/A,No,0,
WBGene00043358,Dead | N/A,No,0,
WBGene00043359,Dead | N/A,No,0,
WBGene00043360,Dead | N/A,No,0,
WBGene00043361,Dead | N/A,No,0,
WBGene00043362,Dead | ,No,0,
WBGene00043363,Dead | N/A,No,0,
WBGene00043364,Dead | N/A,No,0,
WBGene00043365,Dead | N/A,No,0,
WBGene00043366,Dead | N/A,No,0,
WBGene00043367,Dead | N/A,No,0,
WBGene00043368,Dead | N/A,No,0,
WBGene00043369,Dead | N/A,No,0,
WBGene00043370,Dead | N/A,No,0,
WBGene00043371,Dead | N/A,No,0,
WBGene00043372,Dead | N/A,No,0,
WBGene00043373,Dead | N/A,No,0,
WBGene00043374,Dead | N/A,No,0,
WBGene00043375,Dead | N/A,No,0,
WBGene00043376,Dead | N/A,No,0,
WBGene00043377,Dead | N/A,No,0,
WBGene00043378,Dead | N/A,No,0,
WBGene00043379,Dead | N/A,No,0,
WBGene00043380,Dead | N/A,No,0,
WBGene00043381,Dead | N/A,No,0,
WBGene00043382,Dead | N/A,No,0,
WBGene00043383,Dead | N/A,No,0,
WBGene00043384,Dead | N/A,No,0,
WBGene00043385,Dead | N/A,No,0,
WBGene00043386,Dead | N/A,No,0,
WBGene00043387,Dead | N/A,No,0,
WBGene00043388,Dead | N/A,No,0,
WBGene00043389,Dead | N/A,No,0,
WBGene00043390,Dead | N/A,No,0,
WBGene00043391,Dead | N/A,No,0,
WBGene00043392,Dead | N/A,No,0,
WBGene00043393,Dead | N/A,No,0,
WBGene00043394,Dead | N/A,No,0,
WBGene00043395,Dead | N/A,No,0,
WBGene00043396,Dead | N/A,No,0,
WBGene00043397,Dead | N/A,No,0,
WBGene00043398,Dead | N/A,No,0,
WBGene00043399,Dead | N/A,No,0,
WBGene00043400,Dead | N/A,No,0,
WBGene00043401,Dead | N/A,No,0,
WBGene00043402,Dead | N/A,No,0,
WBGene00043403,Dead | N/A,No,0,
WBGene00043404,Dead | N/A,No,0,
WBGene00043405,Dead | N/A,No,0,
WBGene00043406,Dead | N/A,No,0,
WBGene00043407,Dead | N/A,No,0,
WBGene00043408,Suppressed | K03H6.3,No,0,
WBGene00043409,Dead | N/A,No,0,
WBGene00043410,Dead | N/A,No,0,
WBGene00043411,Dead | N/A,No,0,
WBGene00043412,Dead | N/A,No,0,
WBGene00043413,Dead | N/A,No,0,
WBGene00043414,Dead | N/A,No,0,
WBGene00043415,Dead | N/A,No,0,
WBGene00043416,Dead | N/A,No,0,
WBGene00043417,Dead | N/A,No,0,
WBGene00043418,Dead | N/A,No,0,
WBGene00043419,Suppressed | K08A2.6,No,0,
WBGene00043420,Dead | N/A,No,0,
WBGene00043421,Dead | N/A,No,0,
WBGene00043422,Dead | ,No,0,
WBGene00043423,Dead | N/A,No,0,
WBGene00043424,Dead | N/A,No,0,
WBGene00043425,Dead | N/A,No,0,
WBGene00043426,Dead | N/A,No,0,
WBGene00043427,Dead | N/A,No,0,
WBGene00043428,Dead | ,No,0,
WBGene00043429,Dead | N/A,No,0,
WBGene00043430,Dead | N/A,No,0,
WBGene00043431,Dead | N/A,No,0,
WBGene00043432,Dead | N/A,No,0,
WBGene00043433,Dead | N/A,No,0,
WBGene00043434,Dead | N/A,No,0,
WBGene00043435,Dead | N/A,No,0,
WBGene00043436,Dead | N/A,No,0,
WBGene00043437,Dead | N/A,No,0,
WBGene00043438,Dead | N/A,No,0,
WBGene00043439,Dead | N/A,No,0,
WBGene00043440,Dead | N/A,No,0,
WBGene00043441,Dead | N/A,No,0,
WBGene00043442,Dead | N/A,No,0,
WBGene00043443,Dead | N/A,No,0,
WBGene00043444,Dead | N/A,No,0,
WBGene00043445,Dead | N/A,No,0,
WBGene00043446,Dead | N/A,No,0,
WBGene00043447,Dead | N/A,No,0,
WBGene00043448,Dead | N/A,No,0,
WBGene00043449,Dead | N/A,No,0,
WBGene00043450,Dead | N/A,No,0,
WBGene00043451,Dead | N/A,No,0,
WBGene00043452,Dead | N/A,No,0,
WBGene00043453,Dead | N/A,No,0,
WBGene00043454,Dead | N/A,No,0,
WBGene00043455,Dead | N/A,No,0,
WBGene00043456,Dead | N/A,No,0,
WBGene00043457,Dead | N/A,No,0,
WBGene00043458,Dead | N/A,No,0,
WBGene00043459,Dead | N/A,No,0,
WBGene00043460,Dead | N/A,No,0,
WBGene00043461,Dead | N/A,No,0,
WBGene00043462,Dead | N/A,No,0,
WBGene00043463,Dead | N/A,No,0,
WBGene00043464,Dead | N/A,No,0,
WBGene00043465,Dead | N/A,No,0,
WBGene00043467,Dead | N/A,No,0,
WBGene00043468,Dead | N/A,No,0,
WBGene00043470,Dead | N/A,No,0,
WBGene00043471,Dead | N/A,No,0,
WBGene00043472,Dead | N/A,No,0,
WBGene00043473,Dead | N/A,No,0,
WBGene00043474,Dead | N/A,No,0,
WBGene00043475,Dead | N/A,No,0,
WBGene00043476,Dead | N/A,No,0,
WBGene00043477,Dead | N/A,No,0,
WBGene00043478,Dead | N/A,No,0,
WBGene00043479,Dead | N/A,No,0,
WBGene00043480,Dead | N/A,No,0,
WBGene00043481,Dead | N/A,No,0,
WBGene00043482,Dead | N/A,No,0,
WBGene00043483,Dead | N/A,No,0,
WBGene00043484,Dead | N/A,No,0,
WBGene00043485,Dead | N/A,No,0,
WBGene00043486,Dead | N/A,No,0,
WBGene00043487,Dead | N/A,No,0,
WBGene00043488,Dead | N/A,No,0,
WBGene00043489,Dead | N/A,No,0,
WBGene00043490,Dead | N/A,No,0,
WBGene00043491,Dead | N/A,No,0,
WBGene00043492,Dead | N/A,No,0,
WBGene00043493,Dead | N/A,No,0,
WBGene00043494,Dead | N/A,No,0,
WBGene00043495,Dead | N/A,No,0,
WBGene00043496,Dead | N/A,No,0,
WBGene00043497,Dead | N/A,No,0,
WBGene00043498,Dead | N/A,No,0,
WBGene00043499,Dead | N/A,No,0,
WBGene00043500,Dead | N/A,No,0,
WBGene00043501,Dead | N/A,No,0,
WBGene00043502,Dead | N/A,No,0,
WBGene00043503,Dead | N/A,No,0,
WBGene00043504,Dead | N/A,No,0,
WBGene00043505,Dead | N/A,No,0,
WBGene00043506,Dead | N/A,No,0,
WBGene00043507,Dead | N/A,No,0,
WBGene00043508,Dead | N/A,No,0,
WBGene00043509,Dead | N/A,No,0,
WBGene00043510,Dead | N/A,No,0,
WBGene00043511,Dead | N/A,No,0,
WBGene00043512,Dead | N/A,No,0,
WBGene00043513,Dead | N/A,No,0,
WBGene00043514,Dead | N/A,No,0,
WBGene00043515,Dead | N/A,No,0,
WBGene00043516,Dead | N/A,No,0,
WBGene00043517,Dead | N/A,No,0,
WBGene00043518,Dead | N/A,No,0,
WBGene00043519,Dead | N/A,No,0,
WBGene00043520,Dead | N/A,No,0,
WBGene00043521,Dead | N/A,No,0,
WBGene00043522,Dead | N/A,No,0,
WBGene00043523,Dead | N/A,No,0,
WBGene00043524,Dead | N/A,No,0,
WBGene00043525,Dead | N/A,No,0,
WBGene00043526,Dead | N/A,No,0,
WBGene00043527,Dead | N/A,No,0,
WBGene00043528,Dead | N/A,No,0,
WBGene00043529,Dead | N/A,No,0,
WBGene00043530,Dead | N/A,No,0,
WBGene00043531,Dead | N/A,No,0,
WBGene00043532,Dead | N/A,No,0,
WBGene00043533,Dead | N/A,No,0,
WBGene00043535,Dead | N/A,No,0,
WBGene00043536,Dead | N/A,No,0,
WBGene00043537,Suppressed | W03G1.3,No,0,
WBGene00043538,Suppressed | W03G1.4,No,0,
WBGene00043539,Dead | N/A,No,0,
WBGene00043540,Dead | N/A,No,0,
WBGene00043541,Dead | N/A,No,0,
WBGene00043542,Dead | N/A,No,0,
WBGene00043543,Dead | N/A,No,0,
WBGene00043544,Dead | N/A,No,0,
WBGene00043545,Dead | N/A,No,0,
WBGene00043546,Dead | N/A,No,0,
WBGene00043547,Dead | N/A,No,0,
WBGene00043548,Dead | N/A,No,0,
WBGene00043549,Dead | N/A,No,0,
WBGene00043550,Dead | N/A,No,0,
WBGene00043551,Dead | N/A,No,0,
WBGene00043552,Dead | N/A,No,0,
WBGene00043553,Dead | N/A,No,0,
WBGene00043554,Dead | N/A,No,0,
WBGene00043555,Dead | N/A,No,0,
WBGene00043556,Dead | N/A,No,0,
WBGene00043557,Dead | N/A,No,0,
WBGene00043558,Dead | N/A,No,0,
WBGene00043559,Dead | N/A,No,0,
WBGene00043560,Dead | N/A,No,0,
WBGene00043561,Dead | N/A,No,0,
WBGene00043562,Dead | N/A,No,0,
WBGene00043563,Dead | N/A,No,0,
WBGene00043564,Dead | N/A,No,0,
WBGene00043565,Dead | N/A,No,0,
WBGene00043566,Dead | N/A,No,0,
WBGene00043567,Dead | N/A,No,0,
WBGene00043568,Dead | N/A,No,0,
WBGene00043569,Dead | N/A,No,0,
WBGene00043570,Dead | N/A,No,0,
WBGene00043571,Dead | N/A,No,0,
WBGene00043572,Dead | N/A,No,0,
WBGene00043573,Dead | N/A,No,0,
WBGene00043574,Dead | N/A,No,0,
WBGene00043575,Dead | N/A,No,0,
WBGene00043576,Dead | N/A,No,0,
WBGene00043577,Dead | N/A,No,0,
WBGene00043578,Dead | N/A,No,0,
WBGene00043579,Dead | N/A,No,0,
WBGene00043580,Dead | N/A,No,0,
WBGene00043581,Dead | N/A,No,0,
WBGene00043582,Dead | N/A,No,0,
WBGene00043583,Dead | N/A,No,0,
WBGene00043584,Dead | N/A,No,0,
WBGene00043585,Dead | N/A,No,0,
WBGene00043586,Dead | N/A,No,0,
WBGene00043587,Dead | N/A,No,0,
WBGene00043588,Dead | N/A,No,0,
WBGene00043589,Dead | N/A,No,0,
WBGene00043590,Dead | N/A,No,0,
WBGene00043591,Dead | N/A,No,0,
WBGene00043592,Dead | N/A,No,0,
WBGene00043593,Dead | N/A,No,0,
WBGene00043594,Dead | N/A,No,0,
WBGene00043595,Dead | N/A,No,0,
WBGene00043596,Dead | N/A,No,0,
WBGene00043597,Dead | N/A,No,0,
WBGene00043598,Dead | N/A,No,0,
WBGene00043599,Dead | N/A,No,0,
WBGene00043600,Dead | N/A,No,0,
WBGene00043601,Dead | N/A,No,0,
WBGene00043602,Dead | N/A,No,0,
WBGene00043603,Dead | N/A,No,0,
WBGene00043604,Dead | N/A,No,0,
WBGene00043605,Dead | N/A,No,0,
WBGene00043606,Dead | N/A,No,0,
WBGene00043607,Dead | N/A,No,0,
WBGene00043608,Dead | N/A,No,0,
WBGene00043609,Dead | N/A,No,0,
WBGene00043610,Dead | N/A,No,0,
WBGene00043611,Dead | N/A,No,0,
WBGene00043612,Dead | N/A,No,0,
WBGene00043613,Dead | N/A,No,0,
WBGene00043614,Dead | N/A,No,0,
WBGene00043615,Dead | N/A,No,0,
WBGene00043616,Dead | N/A,No,0,
WBGene00043617,Dead | N/A,No,0,
WBGene00043618,Dead | N/A,No,0,
WBGene00043619,Dead | N/A,No,0,
WBGene00043620,Dead | N/A,No,0,
WBGene00043621,Dead | N/A,No,0,
WBGene00043622,Dead | N/A,No,0,
WBGene00043623,Dead | N/A,No,0,
WBGene00043624,Dead | N/A,No,0,
WBGene00043625,Dead | N/A,No,0,
WBGene00043626,Dead | N/A,No,0,
WBGene00043627,Dead | N/A,No,0,
WBGene00043628,Dead | N/A,No,0,
WBGene00043629,Dead | N/A,No,0,
WBGene00043630,Dead | N/A,No,0,
WBGene00043631,Dead | N/A,No,0,
WBGene00043632,Dead | N/A,No,0,
WBGene00043633,Dead | N/A,No,0,
WBGene00043634,Dead | N/A,No,0,
WBGene00043635,Dead | N/A,No,0,
WBGene00043636,Dead | N/A,No,0,
WBGene00043637,Dead | N/A,No,0,
WBGene00043638,Dead | N/A,No,0,
WBGene00043639,Dead | N/A,No,0,
WBGene00043640,Dead | N/A,No,0,
WBGene00043641,Dead | N/A,No,0,
WBGene00043642,Dead | N/A,No,0,
WBGene00043643,Dead | N/A,No,0,
WBGene00043644,Dead | N/A,No,0,
WBGene00043645,Dead | N/A,No,0,
WBGene00043646,Dead | N/A,No,0,
WBGene00043647,Dead | N/A,No,0,
WBGene00043648,Dead | N/A,No,0,
WBGene00043649,Dead | N/A,No,0,
WBGene00043650,Dead | N/A,No,0,
WBGene00043651,Dead | N/A,No,0,
WBGene00043652,Dead | N/A,No,0,
WBGene00043653,Dead | N/A,No,0,
WBGene00043654,Dead | N/A,No,0,
WBGene00043655,Dead | N/A,No,0,
WBGene00043656,Dead | N/A,No,0,
WBGene00043657,Dead | N/A,No,0,
WBGene00043658,Dead | N/A,No,0,
WBGene00043659,Dead | N/A,No,0,
WBGene00043660,Dead | N/A,No,0,
WBGene00043661,Dead | N/A,No,0,
WBGene00043662,Dead | N/A,No,0,
WBGene00043663,Dead | N/A,No,0,
WBGene00043664,Dead | N/A,No,0,
WBGene00043665,Dead | N/A,No,0,
WBGene00043667,Dead | N/A,No,0,
WBGene00043668,Dead | N/A,No,0,
WBGene00043669,Dead | N/A,No,0,
WBGene00043670,Dead | N/A,No,0,
WBGene00043671,Dead | N/A,No,0,
WBGene00043672,Dead | N/A,No,0,
WBGene00043673,Dead | N/A,No,0,
WBGene00043674,Dead | N/A,No,0,
WBGene00043675,Dead | N/A,No,0,
WBGene00043676,Dead | N/A,No,0,
WBGene00043677,Dead | N/A,No,0,
WBGene00043678,Dead | N/A,No,0,
WBGene00043679,Dead | N/A,No,0,
WBGene00043680,Dead | N/A,No,0,
WBGene00043681,Dead | N/A,No,0,
WBGene00043682,Dead | N/A,No,0,
WBGene00043683,Dead | N/A,No,0,
WBGene00043684,Dead | N/A,No,0,
WBGene00043685,Dead | N/A,No,0,
WBGene00043686,Dead | N/A,No,0,
WBGene00043687,Dead | N/A,No,0,
WBGene00043688,Dead | N/A,No,0,
WBGene00043689,Dead | N/A,No,0,
WBGene00043690,Dead | N/A,No,0,
WBGene00043691,Dead | N/A,No,0,
WBGene00043692,Dead | N/A,No,0,
WBGene00043693,Dead | N/A,No,0,
WBGene00043694,Dead | N/A,No,0,
WBGene00043695,Dead | N/A,No,0,
WBGene00043696,Dead | N/A,No,0,
WBGene00043697,Dead | N/A,No,0,
WBGene00043698,Dead | N/A,No,0,
WBGene00043699,Dead | N/A,No,0,
WBGene00043700,Dead | N/A,No,0,
WBGene00043701,Dead | N/A,No,0,
WBGene00043703,Dead | N/A,No,0,
WBGene00043704,Dead | N/A,No,0,
WBGene00043706,Dead | N/A,No,0,
WBGene00043707,Suppressed | Y55F3C.6,No,0,
WBGene00043708,Dead | N/A,No,0,
WBGene00043709,Dead | N/A,No,0,
WBGene00043710,Dead | N/A,No,0,
WBGene00043711,Dead | N/A,No,0,
WBGene00043712,Dead | N/A,No,0,
WBGene00043713,Dead | N/A,No,0,
WBGene00043714,Dead | N/A,No,0,
WBGene00043715,Dead | N/A,No,0,
WBGene00043716,Dead | N/A,No,0,
WBGene00043717,Dead | N/A,No,0,
WBGene00043718,Dead | N/A,No,0,
WBGene00043719,Dead | N/A,No,0,
WBGene00043720,Dead | N/A,No,0,
WBGene00043721,Dead | N/A,No,0,
WBGene00043722,Dead | N/A,No,0,
WBGene00043723,Dead | N/A,No,0,
WBGene00043724,Dead | N/A,No,0,
WBGene00043725,Dead | N/A,No,0,
WBGene00043726,Dead | N/A,No,0,
WBGene00043727,Dead | N/A,No,0,
WBGene00043728,Dead | N/A,No,0,
WBGene00043729,Dead | N/A,No,0,
WBGene00043730,Dead | N/A,No,0,
WBGene00043731,Dead | N/A,No,0,
WBGene00043732,Dead | N/A,No,0,
WBGene00043733,Dead | N/A,No,0,
WBGene00043734,Dead | N/A,No,0,
WBGene00043735,Dead | N/A,No,0,
WBGene00043736,Dead | N/A,No,0,
WBGene00043737,Dead | N/A,No,0,
WBGene00043738,Dead | N/A,No,0,
WBGene00043739,Dead | N/A,No,0,
WBGene00043740,Dead | N/A,No,0,
WBGene00043741,Dead | N/A,No,0,
WBGene00043742,Dead | N/A,No,0,
WBGene00043744,Dead | N/A,No,0,
WBGene00043745,Dead | N/A,No,0,
WBGene00043746,Dead | N/A,No,0,
WBGene00043747,Dead | N/A,No,0,
WBGene00043748,Dead | N/A,No,0,
WBGene00043749,Dead | N/A,No,0,
WBGene00043750,Dead | N/A,No,0,
WBGene00043751,Dead | N/A,No,0,
WBGene00043752,Dead | N/A,No,0,
WBGene00043753,Dead | N/A,No,0,
WBGene00043754,Dead | N/A,No,0,
WBGene00043755,Dead | N/A,No,0,
WBGene00043756,Dead | N/A,No,0,
WBGene00043757,Dead | N/A,No,0,
WBGene00043758,Dead | N/A,No,0,
WBGene00043759,Dead | N/A,No,0,
WBGene00043760,Dead | N/A,No,0,
WBGene00043761,Dead | N/A,No,0,
WBGene00043762,Dead | N/A,No,0,
WBGene00043763,Dead | N/A,No,0,
WBGene00043764,Dead | N/A,No,0,
WBGene00043765,Dead | N/A,No,0,
WBGene00043766,Dead | N/A,No,0,
WBGene00043767,Dead | N/A,No,0,
WBGene00043768,Dead | N/A,No,0,
WBGene00043769,Dead | N/A,No,0,
WBGene00043770,Dead | N/A,No,0,
WBGene00043771,Dead | N/A,No,0,
WBGene00043772,Dead | N/A,No,0,
WBGene00043773,Dead | N/A,No,0,
WBGene00043774,Dead | N/A,No,0,
WBGene00043775,Dead | N/A,No,0,
WBGene00043776,Dead | N/A,No,0,
WBGene00043777,Dead | N/A,No,0,
WBGene00043778,Dead | N/A,No,0,
WBGene00043779,Dead | N/A,No,0,
WBGene00043780,Dead | N/A,No,0,
WBGene00043781,Dead | N/A,No,0,
WBGene00043782,Dead | N/A,No,0,
WBGene00043783,Dead | N/A,No,0,
WBGene00043784,Dead | N/A,No,0,
WBGene00043785,Dead | N/A,No,0,
WBGene00043786,Dead | N/A,No,0,
WBGene00043787,Dead | N/A,No,0,
WBGene00043788,Dead | N/A,No,0,
WBGene00043789,Dead | N/A,No,0,
WBGene00043790,Dead | N/A,No,0,
WBGene00043791,Dead | N/A,No,0,
WBGene00043792,Dead | N/A,No,0,
WBGene00043793,Dead | N/A,No,0,
WBGene00043794,Dead | ,No,0,
WBGene00043795,Dead | N/A,No,0,
WBGene00043796,Dead | N/A,No,0,
WBGene00043797,Dead | N/A,No,0,
WBGene00043798,Dead | N/A,No,0,
WBGene00043799,Dead | N/A,No,0,
WBGene00043800,Dead | N/A,No,0,
WBGene00043801,Dead | N/A,No,0,
WBGene00043802,Dead | N/A,No,0,
WBGene00043803,Dead | N/A,No,0,
WBGene00043804,Dead | N/A,No,0,
WBGene00043805,Dead | N/A,No,0,
WBGene00043806,Dead | N/A,No,0,
WBGene00043807,Dead | N/A,No,0,
WBGene00043808,Dead | N/A,No,0,
WBGene00043809,Dead | N/A,No,0,
WBGene00043810,Dead | N/A,No,0,
WBGene00043811,Dead | N/A,No,0,
WBGene00043812,Dead | N/A,No,0,
WBGene00043813,Dead | N/A,No,0,
WBGene00043814,Dead | N/A,No,0,
WBGene00043815,Dead | N/A,No,0,
WBGene00043816,Dead | N/A,No,0,
WBGene00043817,Dead | N/A,No,0,
WBGene00043818,Dead | N/A,No,0,
WBGene00043819,Dead | N/A,No,0,
WBGene00043820,Dead | N/A,No,0,
WBGene00043821,Dead | N/A,No,0,
WBGene00043822,Dead | N/A,No,0,
WBGene00043823,Dead | N/A,No,0,
WBGene00043824,Dead | N/A,No,0,
WBGene00043825,Dead | N/A,No,0,
WBGene00043826,Dead | N/A,No,0,
WBGene00043827,Dead | N/A,No,0,
WBGene00043828,Dead | N/A,No,0,
WBGene00043829,Dead | N/A,No,0,
WBGene00043830,Dead | N/A,No,0,
WBGene00043831,Dead | N/A,No,0,
WBGene00043832,Dead | N/A,No,0,
WBGene00043833,Dead | N/A,No,0,
WBGene00043834,Dead | N/A,No,0,
WBGene00043835,Dead | N/A,No,0,
WBGene00043836,Dead | N/A,No,0,
WBGene00043837,Dead | N/A,No,0,
WBGene00043838,Dead | N/A,No,0,
WBGene00043839,Dead | N/A,No,0,
WBGene00043840,Dead | N/A,No,0,
WBGene00043841,Dead | N/A,No,0,
WBGene00043842,Dead | N/A,No,0,
WBGene00043843,Dead | N/A,No,0,
WBGene00043844,Dead | N/A,No,0,
WBGene00043845,Dead | N/A,No,0,
WBGene00043846,Dead | N/A,No,0,
WBGene00043847,Dead | N/A,No,0,
WBGene00043848,Dead | N/A,No,0,
WBGene00043849,Dead | N/A,No,0,
WBGene00043850,Dead | N/A,No,0,
WBGene00043851,Dead | N/A,No,0,
WBGene00043852,Dead | N/A,No,0,
WBGene00043853,Dead | N/A,No,0,
WBGene00043854,Dead | N/A,No,0,
WBGene00043855,Dead | N/A,No,0,
WBGene00043856,Dead | N/A,No,0,
WBGene00043857,Dead | N/A,No,0,
WBGene00043858,Dead | N/A,No,0,
WBGene00043859,Dead | N/A,No,0,
WBGene00043860,Dead | N/A,No,0,
WBGene00043861,Dead | N/A,No,0,
WBGene00043862,Dead | N/A,No,0,
WBGene00043863,Dead | N/A,No,0,
WBGene00043864,Dead | N/A,No,0,
WBGene00043865,Dead | N/A,No,0,
WBGene00043866,Dead | N/A,No,0,
WBGene00043867,Dead | N/A,No,0,
WBGene00043868,Dead | N/A,No,0,
WBGene00043869,Dead | N/A,No,0,
WBGene00043870,Dead | N/A,No,0,
WBGene00043871,Dead | N/A,No,0,
WBGene00043872,Dead | N/A,No,0,
WBGene00043873,Dead | N/A,No,0,
WBGene00043874,Dead | N/A,No,0,
WBGene00043875,Dead | N/A,No,0,
WBGene00043876,Dead | N/A,No,0,
WBGene00043877,Dead | N/A,No,0,
WBGene00043878,Dead | N/A,No,0,
WBGene00043879,Dead | N/A,No,0,
WBGene00043880,Dead | N/A,No,0,
WBGene00043881,Dead | N/A,No,0,
WBGene00043882,Dead | N/A,No,0,
WBGene00043883,Dead | N/A,No,0,
WBGene00043884,Dead | N/A,No,0,
WBGene00043885,Dead | N/A,No,0,
WBGene00043886,Dead | N/A,No,0,
WBGene00043887,Dead | N/A,No,0,
WBGene00043888,Dead | N/A,No,0,
WBGene00043889,Dead | N/A,No,0,
WBGene00043890,Dead | N/A,No,0,
WBGene00043891,Dead | N/A,No,0,
WBGene00043892,Dead | N/A,No,0,
WBGene00043893,Dead | N/A,No,0,
WBGene00043894,Dead | N/A,No,0,
WBGene00043895,Dead | N/A,No,0,
WBGene00043896,Dead | N/A,No,0,
WBGene00043897,Dead | N/A,No,0,
WBGene00043898,Dead | N/A,No,0,
WBGene00043899,Dead | N/A,No,0,
WBGene00043900,Dead | N/A,No,0,
WBGene00043901,Dead | N/A,No,0,
WBGene00043902,Dead | N/A,No,0,
WBGene00043903,Dead | N/A,No,0,
WBGene00043904,Dead | N/A,No,0,
WBGene00043905,Dead | N/A,No,0,
WBGene00043906,Dead | N/A,No,0,
WBGene00043907,Dead | N/A,No,0,
WBGene00043908,Dead | N/A,No,0,
WBGene00043909,Dead | N/A,No,0,
WBGene00043910,Dead | N/A,No,0,
WBGene00043911,Dead | N/A,No,0,
WBGene00043912,Dead | N/A,No,0,
WBGene00043913,Dead | N/A,No,0,
WBGene00043914,Dead | N/A,No,0,
WBGene00043915,Dead | N/A,No,0,
WBGene00043916,Dead | N/A,No,0,
WBGene00043917,Dead | N/A,No,0,
WBGene00043918,Dead | N/A,No,0,
WBGene00043919,Dead | N/A,No,0,
WBGene00043920,Dead | N/A,No,0,
WBGene00043921,Dead | N/A,No,0,
WBGene00043922,Dead | N/A,No,0,
WBGene00043923,Dead | N/A,No,0,
WBGene00043924,Dead | N/A,No,0,
WBGene00043925,Dead | N/A,No,0,
WBGene00043926,Dead | N/A,No,0,
WBGene00043927,Dead | N/A,No,0,
WBGene00043928,Dead | N/A,No,0,
WBGene00043929,Dead | N/A,No,0,
WBGene00043930,Dead | N/A,No,0,
WBGene00043931,Dead | N/A,No,0,
WBGene00043932,Dead | N/A,No,0,
WBGene00043933,Dead | N/A,No,0,
WBGene00043934,Dead | N/A,No,0,
WBGene00043935,Dead | N/A,No,0,
WBGene00043936,Dead | N/A,No,0,
WBGene00043937,Dead | N/A,No,0,
WBGene00043938,Dead | N/A,No,0,
WBGene00043939,Dead | N/A,No,0,
WBGene00043940,Dead | N/A,No,0,
WBGene00043941,Dead | N/A,No,0,
WBGene00043942,Dead | N/A,No,0,
WBGene00043943,Dead | N/A,No,0,
WBGene00043944,Dead | N/A,No,0,
WBGene00043945,Dead | N/A,No,0,
WBGene00043946,Dead | N/A,No,0,
WBGene00043947,Dead | N/A,No,0,
WBGene00043949,Dead | N/A,No,0,
WBGene00043950,Dead | N/A,No,0,
WBGene00043951,Dead | N/A,No,0,
WBGene00043953,Dead | N/A,No,0,
WBGene00043954,Dead | N/A,No,0,
WBGene00043955,Dead | N/A,No,0,
WBGene00043956,Dead | N/A,No,0,
WBGene00043957,Dead | N/A,No,0,
WBGene00043958,Dead | N/A,No,0,
WBGene00043959,Dead | N/A,No,0,
WBGene00043960,Dead | N/A,No,0,
WBGene00043961,Dead | N/A,No,0,
WBGene00043962,Dead | N/A,No,0,
WBGene00043963,Dead | N/A,No,0,
WBGene00043964,Dead | N/A,No,0,
WBGene00043965,Dead | N/A,No,0,
WBGene00043966,Dead | N/A,No,0,
WBGene00043967,Dead | N/A,No,0,
WBGene00043968,Dead | N/A,No,0,
WBGene00043969,Dead | N/A,No,0,
WBGene00043970,Dead | N/A,No,0,
WBGene00043971,Dead | N/A,No,0,
WBGene00043972,Dead | N/A,No,0,
WBGene00043973,Dead | N/A,No,0,
WBGene00043974,Dead | N/A,No,0,
WBGene00043975,Dead | N/A,No,0,
WBGene00043976,Dead | N/A,No,0,
WBGene00043977,Dead | N/A,No,0,
WBGene00043978,Dead | N/A,No,0,
WBGene00043979,Dead | N/A,No,0,
WBGene00043999,Dead | N/A,No,0,
WBGene00044010,Dead | N/A,No,0,
WBGene00044017,Dead | N/A,No,0,
WBGene00044023,Dead | N/A,No,0,
WBGene00044033,Dead | ,No,0,
WBGene00044039,Dead | N/A,No,0,
WBGene00044050,Dead | N/A,No,0,
WBGene00044055,Dead | ,No,0,
WBGene00044060,Dead | N/A,No,0,
WBGene00044064,Dead | N/A,No,0,
WBGene00044075,Dead | N/A,No,0,
WBGene00044076,Dead | ,No,0,
WBGene00044098,Dead | N/A,No,0,
WBGene00044108,Dead | N/A,No,0,
WBGene00044110,Dead | ,No,0,
WBGene00044111,Dead | N/A,No,0,
WBGene00044118,Dead | N/A,No,0,
WBGene00044123,Dead | N/A,No,0,
WBGene00044165,Dead | N/A,No,0,
WBGene00044172,Dead | N/A,No,0,
WBGene00044173,Dead | N/A,No,0,
WBGene00044186,Dead | N/A,No,0,
WBGene00044190,Dead | N/A,No,0,
WBGene00044214,Dead | N/A,No,0,
WBGene00044223,Dead | N/A,No,0,
WBGene00044231,Dead | ,No,0,
WBGene00044234,Suppressed | Y111B2A.37,No,0,
WBGene00044248,Dead | N/A,No,0,
WBGene00044252,Dead | N/A,No,0,
WBGene00044254,Dead | N/A,No,0,
WBGene00044255,Dead | N/A,No,0,
WBGene00044269,Dead | N/A,No,0,
WBGene00044320,Dead | N/A,No,0,
WBGene00044327,Dead | N/A,No,0,
WBGene00044328,Dead | N/A,No,0,
WBGene00044334,Suppressed | W06G6.14,No,0,
WBGene00044335,Suppressed | Y51A2D.22,No,0,
WBGene00044336,Suppressed | Y7A5A.12,No,0,
WBGene00044351,Dead | N/A,No,0,
WBGene00044400,Dead | N/A,No,0,
WBGene00044404,Dead | N/A,No,0,
WBGene00044407,Dead | N/A,No,0,
WBGene00044408,Dead | N/A,No,0,
WBGene00044422,Dead | N/A,No,0,
WBGene00044426,Dead | ,No,0,
WBGene00044456,Dead | N/A,No,0,
WBGene00044465,Dead | N/A,No,0,
WBGene00044494,Dead | N/A,No,0,
WBGene00044496,Dead | N/A,No,0,
WBGene00044497,Dead | N/A,No,0,
WBGene00044506,Dead | N/A,No,0,
WBGene00044507,Dead | N/A,No,0,
WBGene00044522,Dead | N/A,No,0,
WBGene00044532,Suppressed | T20F10.6,No,0,
WBGene00044540,Dead | N/A,No,0,
WBGene00044555,Dead | N/A,No,0,
WBGene00044566,Dead | N/A,No,0,
WBGene00044572,Dead | N/A,No,0,
WBGene00044576,Dead | N/A,No,0,
WBGene00044590,Dead | N/A,No,0,
WBGene00044591,Dead | N/A,No,0,
WBGene00044592,Dead | N/A,No,0,
WBGene00044593,Dead | N/A,No,0,
WBGene00044594,Dead | N/A,No,0,
WBGene00044595,Dead | N/A,No,0,
WBGene00044596,Dead | N/A,No,0,
WBGene00044597,Dead | N/A,No,0,
WBGene00044598,Dead | N/A,No,0,
WBGene00044599,Dead | N/A,No,0,
WBGene00044600,Dead | N/A,No,0,
WBGene00044601,Dead | N/A,No,0,
WBGene00044613,Dead | N/A,No,0,
WBGene00044622,Dead | ,No,0,
WBGene00044624,Dead | ,No,0,
WBGene00044625,Dead | N/A,No,0,
WBGene00044626,Dead | N/A,No,0,
WBGene00044635,Dead | ,No,0,
WBGene00044647,Dead | ,No,0,
WBGene00044656,Dead | N/A,No,0,
WBGene00044669,Dead | N/A,No,0,
WBGene00044671,Dead | N/A,No,0,
WBGene00044682,Dead | N/A,No,0,
WBGene00044688,Dead | ,No,0,
WBGene00044715,Dead | N/A,No,0,
WBGene00044717,Dead | N/A,No,0,
WBGene00044721,Dead | N/A,No,0,
WBGene00044730,Dead | N/A,No,0,
WBGene00044740,Dead | N/A,No,0,
WBGene00044765,Suppressed | C17B7.13,No,0,
WBGene00044766,Suppressed | Y55F3C.11,No,0,
WBGene00044785,Dead | N/A,No,0,
WBGene00044793,Dead | N/A,No,0,
WBGene00044890,Dead | ,No,0,
WBGene00044904,Dead | N/A,No,0,
WBGene00044910,Dead | N/A,No,0,
WBGene00044913,Dead | N/A,No,0,
WBGene00044915,Dead | N/A,No,0,
WBGene00044919,Dead | N/A,No,0,
WBGene00044950,Dead | N/A,No,0,
WBGene00044993,Dead | N/A,No,0,
WBGene00044996,Dead | N/A,No,0,
WBGene00044999,Dead | N/A,No,0,
WBGene00045001,Dead | N/A,No,0,
WBGene00045004,Dead | N/A,No,0,
WBGene00045005,Dead | N/A,No,0,
WBGene00045008,Dead | N/A,No,0,
WBGene00045010,Dead | N/A,No,0,
WBGene00045014,Dead | N/A,No,0,
WBGene00045015,Dead | N/A,No,0,
WBGene00045020,Dead | N/A,No,0,
WBGene00045021,Dead | N/A,No,0,
WBGene00045023,Dead | N/A,No,0,
WBGene00045030,Dead | N/A,No,0,
WBGene00045031,Dead | N/A,No,0,
WBGene00045032,Dead | N/A,No,0,
WBGene00045033,Dead | N/A,No,0,
WBGene00045034,Dead | N/A,No,0,
WBGene00045035,Dead | N/A,No,0,
WBGene00045039,Dead | N/A,No,0,
WBGene00045041,Dead | N/A,No,0,
WBGene00045042,Dead | N/A,No,0,
WBGene00045044,Dead | N/A,No,0,
WBGene00045047,Dead | N/A,No,0,
WBGene00045049,Dead | N/A,No,0,
WBGene00045054,Suppressed | T20F10.7,No,0,
WBGene00045064,Dead | N/A,No,0,
WBGene00045070,Dead | N/A,No,0,
WBGene00045135,Dead | N/A,No,0,
WBGene00045166,Suppressed | Y54G2A.51,No,0,
WBGene00045173,Dead | N/A,No,0,
WBGene00045181,Dead | N/A,No,0,
WBGene00045186,Dead | N/A,No,0,
WBGene00045187,Dead | N/A,No,0,
WBGene00045196,Dead | N/A,No,0,
WBGene00045206,Dead | N/A,No,0,
WBGene00045284,Dead | N/A,No,0,
WBGene00045288,Dead | N/A,No,0,
WBGene00045310,Dead | N/A,No,0,
WBGene00045312,Dead | N/A,No,0,
WBGene00045318,Dead | N/A,No,0,
WBGene00045320,Dead | N/A,No,0,
WBGene00045349,Dead | N/A,No,0,
WBGene00045409,Dead | N/A,No,0,
WBGene00045420,Dead | N/A,No,0,
WBGene00045421,Dead | N/A,No,0,
WBGene00045422,Dead | N/A,No,0,
WBGene00045423,Dead | N/A,No,0,
WBGene00045424,Dead | N/A,No,0,
WBGene00045425,Dead | N/A,No,0,
WBGene00045426,Dead | N/A,No,0,
WBGene00045430,Dead | N/A,No,0,
WBGene00045435,Dead | N/A,No,0,
WBGene00045479,Suppressed | C44E4.8,No,0,
WBGene00045485,Dead | N/A,No,0,
WBGene00045489,Dead | N/A,No,0,
WBGene00045499,Dead | N/A,No,0,
WBGene00045512,Suppressed | Y60A3A.27,No,0,
WBGene00045742,Dead | N/A,No,0,
WBGene00047904,Dead | N/A,No,0,
WBGene00048818,Dead | N/A,No,0,
WBGene00049442,Dead | N/A,No,0,
WBGene00050876,Dead | ,No,0,
WBGene00050888,Dead | N/A,No,0,
WBGene00050895,Dead | N/A,No,0,
WBGene00050901,Dead | N/A,No,0,
WBGene00050909,Dead | N/A,No,0,
WBGene00050925,Dead | N/A,No,0,
WBGene00050952,Dead | N/A,No,0,
WBGene00050953,Dead | N/A,No,0,
WBGene00050966,Dead | N/A,No,0,
WBGene00050969,Dead | N/A,No,0,
WBGene00050975,Dead | N/A,No,0,
WBGene00050979,Dead | N/A,No,0,
WBGene00077435,Dead | N/A,No,0,
WBGene00077458,Dead | N/A,No,0,
WBGene00077505,Dead | ,No,0,
WBGene00077509,Dead | N/A,No,0,
WBGene00077511,Dead | N/A,No,0,
WBGene00077512,Dead | N/A,No,0,
WBGene00077513,Dead | N/A,No,0,
WBGene00077528,Suppressed | Y26D4A.20,No,0,
WBGene00077533,Dead | N/A,No,0,
WBGene00077542,Dead | N/A,No,0,
WBGene00077544,Dead | N/A,No,0,
WBGene00077545,Dead | N/A,No,0,
WBGene00077547,Dead | N/A,No,0,
WBGene00077550,Suppressed | Y106G6G.8,No,0,
WBGene00077554,Dead | N/A,No,0,
WBGene00077560,Dead | N/A,No,0,
WBGene00077578,Dead | N/A,No,0,
WBGene00077587,Dead | N/A,No,0,
WBGene00077591,Dead | N/A,No,0,
WBGene00077623,Dead | N/A,No,0,
WBGene00077628,Dead | N/A,No,0,
WBGene00077639,Dead | N/A,No,0,
WBGene00077645,Dead | N/A,No,0,
WBGene00077661,Dead | N/A,No,0,
WBGene00077665,Dead | N/A,No,0,
WBGene00077668,Dead | N/A,No,0,
WBGene00077672,Suppressed | B0250.13,No,0,
WBGene00077683,Dead | N/A,No,0,
WBGene00077702,Dead | ,No,0,
WBGene00077710,Dead | N/A,No,0,
WBGene00077711,Dead | N/A,No,0,
WBGene00077730,Dead | N/A,No,0,
WBGene00077733,Dead | N/A,No,0,
WBGene00077734,Dead | N/A,No,0,
WBGene00077738,Dead | N/A,No,0,
WBGene00077741,Dead | N/A,No,0,
WBGene00077748,Dead | N/A,No,0,
WBGene00077749,Dead | N/A,No,0,
WBGene00077774,Dead | ,No,0,
WBGene00077776,Dead | N/A,No,0,
WBGene00077777,Dead | N/A,No,0,
WBGene00086549,Dead | N/A,No,0,
WBGene00119200,Dead | ,No,0,
WBGene00138710,Dead | ,No,0,
WBGene00138713,Dead | N/A,No,0,
WBGene00138718,Dead | N/A,No,0,
WBGene00138725,Dead | N/A,No,0,
WBGene00164975,Dead | ,No,0,
WBGene00165008,Dead | N/A,No,0,
WBGene00165145,Dead | N/A,No,0,
WBGene00165216,Dead | N/A,No,0,
WBGene00165437,Dead | N/A,No,0,
WBGene00166056,Dead | N/A,No,0,
WBGene00166061,Dead | N/A,No,0,
WBGene00166818,Dead | N/A,No,0,
WBGene00167486,Dead | N/A,No,0,
WBGene00167798,Dead | N/A,No,0,
WBGene00167844,Dead | N/A,No,0,
WBGene00168471,Dead | N/A,No,0,
WBGene00169241,Dead | N/A,No,0,
WBGene00169400,Dead | N/A,No,0,
WBGene00169616,Dead | N/A,No,0,
WBGene00169945,Dead | N/A,No,0,
WBGene00170696,Dead | N/A,No,0,
WBGene00171711,Dead | N/A,No,0,
WBGene00171808,Dead | N/A,No,0,
WBGene00171874,Dead | N/A,No,0,
WBGene00172005,Dead | N/A,No,0,
WBGene00172461,Dead | N/A,No,0,
WBGene00173479,Dead | N/A,No,0,
WBGene00173549,Dead | N/A,No,0,
WBGene00175026,Dead | N/A,No,0,
WBGene00185075,Dead | N/A,No,0,
WBGene00185091,Dead | N/A,No,0,
WBGene00194671,Dead | N/A,No,0,
WBGene00194693,Dead | N/A,No,0,
WBGene00194705,Dead | N/A,No,0,
WBGene00194709,Dead | N/A,No,0,
WBGene00194728,Dead | N/A,No,0,
WBGene00194736,Dead | N/A,No,0,
WBGene00194762,Dead | N/A,No,0,
WBGene00194772,Dead | N/A,No,0,
WBGene00194781,Dead | N/A,No,0,
WBGene00194790,Dead | N/A,No,0,
WBGene00194791,Dead | N/A,No,0,
WBGene00194813,Dead | N/A,No,0,
WBGene00194818,Dead | N/A,No,0,
WBGene00194904,Dead | N/A,No,0,
WBGene00194949,Dead | N/A,No,0,
WBGene00194956,Dead | N/A,No,0,
WBGene00195013,Dead | N/A,No,0,
WBGene00195014,Suppressed | H05L03.5,No,0,
WBGene00195015,Suppressed | H05L03.6,No,0,
WBGene00195047,Dead | N/A,No,0,
WBGene00195059,Dead | N/A,No,0,
WBGene00195062,Dead | N/A,No,0,
WBGene00195075,Dead | N/A,No,0,
WBGene00195076,Dead | N/A,No,0,
WBGene00195085,Dead | N/A,No,0,
WBGene00195173,Dead | N/A,No,0,
WBGene00195187,Dead | N/A,No,0,
WBGene00195190,Dead | N/A,No,0,
WBGene00195249,Dead | N/A,No,0,
WBGene00201144,Dead | N/A,No,0,
WBGene00201635,Dead | N/A,No,0,
WBGene00206367,Dead | N/A,No,0,
WBGene00206376,Dead | N/A,No,0,
WBGene00206387,Dead | N/A,No,0,
WBGene00206410,Dead | N/A,No,0,
WBGene00206419,Dead | N/A,No,0,
WBGene00206424,Dead | N/A,No,0,
WBGene00206425,Dead | N/A,No,0,
WBGene00206426,Dead | N/A,No,0,
WBGene00206427,Dead | N/A,No,0,
WBGene00206428,Dead | N/A,No,0,
WBGene00206429,Dead | N/A,No,0,
WBGene00206430,Dead | N/A,No,0,
WBGene00206431,Dead | N/A,No,0,
WBGene00206432,Dead | N/A,No,0,
WBGene00206433,Dead | N/A,No,0,
WBGene00206434,Dead | N/A,No,0,
WBGene00206435,Dead | N/A,No,0,
WBGene00206436,Dead | N/A,No,0,
WBGene00206437,Dead | N/A,No,0,
WBGene00206438,Dead | N/A,No,0,
WBGene00206439,Dead | N/A,No,0,
WBGene00206440,Dead | N/A,No,0,
WBGene00206441,Dead | N/A,No,0,
WBGene00206442,Dead | N/A,No,0,
WBGene00206443,Dead | N/A,No,0,
WBGene00206444,Dead | N/A,No,0,
WBGene00206445,Dead | N/A,No,0,
WBGene00206446,Dead | N/A,No,0,
WBGene00206447,Dead | N/A,No,0,
WBGene00206448,Dead | N/A,No,0,
WBGene00206449,Dead | N/A,No,0,
WBGene00206450,Dead | N/A,No,0,
WBGene00206451,Dead | N/A,No,0,
WBGene00206452,Dead | N/A,No,0,
WBGene00206453,Dead | N/A,No,0,
WBGene00206454,Dead | N/A,No,0,
WBGene00206455,Dead | N/A,No,0,
WBGene00206456,Dead | N/A,No,0,
WBGene00206457,Dead | N/A,No,0,
WBGene00206458,Dead | N/A,No,0,
WBGene00206463,Dead | N/A,No,0,
WBGene00206465,Dead | N/A,No,0,
WBGene00206467,Dead | N/A,No,0,
WBGene00206472,Dead | ,No,0,
WBGene00206476,Suppressed | Y20F4.9,No,0,
WBGene00206480,Dead | N/A,No,0,
WBGene00219211,Dead | N/A,No,0,
WBGene00219213,Dead | N/A,No,0,
WBGene00219273,Dead | N/A,No,0,
WBGene00219305,Dead | N/A,No,0,
WBGene00219372,Dead | N/A,No,0,
WBGene00219382,Dead | ,No,0,
WBGene00219419,Dead | N/A,No,0,
WBGene00219505,Suppressed | Y52E8A.8,No,0,
WBGene00219529,Dead | ,No,0,
WBGene00219595,Dead | ,No,0,
WBGene00219802,Dead | N/A,No,0,
WBGene00219993,Dead | N/A,No,0,
WBGene00220103,Dead | N/A,No,0,
WBGene00235138,Suppressed | C05C12.9,No,0,
WBGene00235139,Suppressed | C06H5.10,No,0,
WBGene00235140,Dead | N/A,No,0,
WBGene00235141,Dead | N/A,No,0,
WBGene00235142,Dead | N/A,No,0,
WBGene00235143,Suppressed | R07H5.15,No,0,
WBGene00235144,Dead | N/A,No,0,
WBGene00235145,Dead | N/A,No,0,
WBGene00235146,Suppressed | Y48G10A.10,No,0,
WBGene00235147,Suppressed | Y60A3A.36,No,0,
WBGene00235148,Suppressed | Y60A3A.30,No,0,
WBGene00235149,Dead | N/A,No,0,
WBGene00235150,Suppressed | Y71A12B.32,No,0,
WBGene00235151,Suppressed | Y116F11B.27,No,0,
WBGene00235169,Dead | N/A,No,0,
WBGene00235170,Dead | N/A,No,0,
WBGene00235171,Dead | N/A,No,0,
WBGene00235172,Dead | N/A,No,0,
WBGene00235173,Dead | N/A,No,0,
WBGene00235174,Dead | N/A,No,0,
WBGene00235176,Dead | N/A,No,0,
WBGene00235177,Dead | N/A,No,0,
WBGene00235178,Dead | N/A,No,0,
WBGene00235182,Dead | N/A,No,0,
WBGene00235184,Dead | N/A,No,0,
WBGene00235185,Dead | N/A,No,0,
WBGene00235186,Dead | N/A,No,0,
WBGene00235187,Dead | N/A,No,0,
WBGene00235189,Dead | N/A,No,0,
WBGene00235191,Dead | N/A,No,0,
WBGene00235192,Dead | N/A,No,0,
WBGene00235193,Dead | N/A,No,0,
WBGene00235194,Dead | N/A,No,0,
WBGene00235195,Dead | N/A,No,0,
WBGene00235196,Dead | N/A,No,0,
WBGene00235199,Dead | N/A,No,0,
WBGene00235202,Dead | N/A,No,0,
WBGene00235203,Dead | N/A,No,0,
WBGene00235204,Dead | N/A,No,0,
WBGene00235205,Dead | N/A,No,0,
WBGene00235207,Dead | N/A,No,0,
WBGene00235208,Dead | N/A,No,0,
WBGene00235210,Dead | N/A,No,0,
WBGene00235211,Dead | N/A,No,0,
WBGene00235212,Dead | N/A,No,0,
WBGene00235213,Dead | N/A,No,0,
WBGene00235214,Dead | N/A,No,0,
WBGene00235215,Dead | N/A,No,0,
WBGene00235216,Dead | N/A,No,0,
WBGene00235217,Dead | N/A,No,0,
WBGene00235218,Dead | N/A,No,0,
WBGene00235219,Dead | N/A,No,0,
WBGene00235220,Dead | N/A,No,0,
WBGene00235221,Dead | N/A,No,0,
WBGene00235222,Dead | N/A,No,0,
WBGene00235223,Dead | N/A,No,0,
WBGene00235224,Dead | N/A,No,0,
WBGene00235225,Dead | N/A,No,0,
WBGene00235226,Dead | N/A,No,0,
WBGene00235227,Dead | N/A,No,0,
WBGene00235228,Dead | N/A,No,0,
WBGene00235229,Dead | N/A,No,0,
WBGene00235230,Dead | N/A,No,0,
WBGene00235231,Dead | N/A,No,0,
WBGene00235232,Dead | N/A,No,0,
WBGene00235233,Dead | N/A,No,0,
WBGene00235234,Dead | ,No,0,
WBGene00235236,Dead | N/A,No,0,
WBGene00235238,Dead | N/A,No,0,
WBGene00235239,Dead | N/A,No,0,
WBGene00235240,Dead | N/A,No,0,
WBGene00235241,Dead | N/A,No,0,
WBGene00235242,Dead | N/A,No,0,
WBGene00235243,Dead | N/A,No,0,
WBGene00235244,Dead | N/A,No,0,
WBGene00235245,Dead | N/A,No,0,
WBGene00235246,Dead | N/A,No,0,
WBGene00235248,Dead | ,No,0,
WBGene00235249,Dead | N/A,No,0,
WBGene00235306,Dead | N/A,No,0,
WBGene00236805,Dead | N/A,No,0,
WBGene00269374,Dead | ,No,0,
WBGene00269375,Dead | ,No,0,
WBGene00270295,Dead | N/A,No,0,
WBGene00270301,Dead | N/A,No,0,
WBGene00271812,Dead | F58F12.12,No,0,
WBGene00303084,Dead | N/A,No,0,
WBGene00303141,Dead | ,No,0,
WBGene00303143,Dead | ,No,0,
WBGene00303201,Suppressed | Y40C7B.11,No,0,
WBGene00305821,Dead | Y54G11A.21,No,0,
WBGene00306082,Dead | N/A,No,0,
WBGene00306083,Dead | N/A,No,0,
WBGene00306084,Dead | N/A,No,0,
WBGene00306085,Dead | N/A,No,0,
WBGene00306086,Dead | N/A,No,0,
WBGene00306087,Dead | N/A,No,0,
WBGene00306088,Dead | N/A,No,0,
WBGene00306089,Dead | N/A,No,0,
WBGene00306090,Dead | N/A,No,0,
WBGene00306091,Dead | N/A,No,0,
