Feature Name,Observed Ratio,Expected Ratio,Fold Change,P-value,FDR P-value,Bonferroni P-value,log2(Fold Change),-log10(P-value),-log10(FDR P-value)
GO:0007186,9/120 (7.5%),1/120 (0.8%),5.928135048231511,2.359173119786596e-05,0.030197415933268426,0.030197415933268426,2.5675783139046486,4.627240188741634,1.5200302190937662
GO:0042048,4/120 (3.3%),0/120 (0.0%),9.364571428571429,0.0009239598573232263,0.18500985872383824,1.0,3.22721297076061,3.0343468968769955,0.7328051284873548
GO:0006935,4/120 (3.3%),0/120 (0.0%),9.364571428571429,0.0009239598573232263,0.18500985872383824,1.0,3.22721297076061,3.0343468968769955,0.7328051284873548
GO:0040024,3/120 (2.5%),0/120 (0.0%),15.174074074074074,0.001053101301472874,0.18500985872383824,1.0,3.92353658042947,2.9775298505100407,0.7328051284873548
GO:0050911,4/120 (3.3%),0/120 (0.0%),9.004395604395604,0.0010682867041996987,0.18500985872383824,1.0,3.1706294423942425,2.9713121767625346,0.7328051284873548
GO:0006811,6/120 (5.0%),1/120 (0.8%),5.186075949367089,0.0011268235807330876,0.18500985872383824,1.0,2.3746433344158357,2.948144073227706,0.7328051284873548
GO:0006874,2/120 (1.7%),0/120 (0.0%),39.01904761904762,0.001203565190708562,0.18500985872383824,1.0,5.286106659814179,2.9195303813355804,0.7328051284873548
GO:0018991,3/120 (2.5%),0/120 (0.0%),14.459999999999999,0.001210505535337278,0.18500985872383824,1.0,3.853995647176393,2.9170332202983005,0.7328051284873548
GO:0007606,4/120 (3.3%),0/120 (0.0%),8.318781725888323,0.001429588892625605,0.18500985872383824,1.0,3.056372263136562,2.844788834796024,0.7328051284873548
GO:0007156,2/120 (1.7%),0/120 (0.0%),35.62608695652174,0.0014453895212799862,0.18500985872383824,1.0,5.154862126535926,2.8400150981352232,0.7328051284873548
GO:0006120,2/120 (1.7%),0/120 (0.0%),27.313333333333333,0.0024575758554593354,0.26214142458232914,1.0,4.77153348698442,2.6094930683690767,0.5814643447688331
GO:0070085,2/120 (1.7%),0/120 (0.0%),27.313333333333333,0.0024575758554593354,0.26214142458232914,1.0,4.77153348698442,2.6094930683690767,0.5814643447688331
GO:1905515,2/120 (1.7%),0/120 (0.0%),23.411428571428573,0.0033348523886589706,0.3008345388630895,1.0,4.549141065647972,2.4769233845988987,0.5216723037966865
GO:0007608,3/120 (2.5%),0/120 (0.0%),9.99268292682927,0.003467934267432275,0.3008345388630895,1.0,3.320872077974855,2.4599291429034373,0.5216723037966865
GO:0030030,2/120 (1.7%),0/120 (0.0%),22.761111111111113,0.00352540475230183,0.3008345388630895,1.0,4.508499081150626,2.4527910143888736,0.5216723037966865
GO:0006816,2/120 (1.7%),0/120 (0.0%),19.985365853658536,0.00455227176859937,0.3641817414879496,1.0,4.320872077974855,2.341771818651673,0.43868183165972946
GO:0005975,3/120 (2.5%),0/120 (0.0%),8.717021276595746,0.005077009217839429,0.3822689293432041,1.0,3.1238352309153017,2.2943920480877793,0.41763099981818474
GO:0016485,2/120 (1.7%),0/120 (0.0%),16.722448979591835,0.006446171982117862,0.4318262432818821,1.0,4.06371423847773,2.190698111810281,0.3646909679161506
GO:0060271,2/120 (1.7%),0/120 (0.0%),13.88813559322034,0.009231168842869413,0.4318262432818821,1.0,3.7957810332310977,2.034743305488746,0.3646909679161506
GO:0034220,4/120 (3.3%),0/120 (0.0%),4.891940298507462,0.009370711956794696,0.4318262432818821,1.0,2.2904067972478037,2.0282274115496794,0.3646909679161506
GO:0007155,2/120 (1.7%),0/120 (0.0%),13.656666666666666,0.009534367495180891,0.4318262432818821,1.0,3.77153348698442,2.0207081125250568,0.3646909679161506
GO:0030334,2/120 (1.7%),0/120 (0.0%),13.216129032258065,0.010153935912853105,0.4318262432818821,1.0,3.7242277722060635,1.9933655819972096,0.3646909679161506
GO:0042391,2/120 (1.7%),0/120 (0.0%),12.05,0.012116371560139021,0.4318262432818821,1.0,3.5909612413425993,1.916627417078715,0.3646909679161506
GO:0060078,2/120 (1.7%),0/120 (0.0%),12.05,0.012116371560139021,0.4318262432818821,1.0,3.5909612413425993,1.916627417078715,0.3646909679161506
GO:0006207,1/120 (0.8%),0/120 (0.0%),81.94,0.012145113092302935,0.4318262432818821,1.0,6.356495987705577,1.9155984367967316,0.3646909679161506
GO:2001137,1/120 (0.8%),0/120 (0.0%),81.94,0.012145113092302935,0.4318262432818821,1.0,6.356495987705577,1.9155984367967316,0.3646909679161506
GO:0034769,1/120 (0.8%),0/120 (0.0%),81.94,0.012145113092302935,0.4318262432818821,1.0,6.356495987705577,1.9155984367967316,0.3646909679161506
GO:0071421,1/120 (0.8%),0/120 (0.0%),81.94,0.012145113092302935,0.4318262432818821,1.0,6.356495987705577,1.9155984367967316,0.3646909679161506
GO:0010960,1/120 (0.8%),0/120 (0.0%),81.94,0.012145113092302935,0.4318262432818821,1.0,6.356495987705577,1.9155984367967316,0.3646909679161506
GO:0023041,1/120 (0.8%),0/120 (0.0%),81.94,0.012145113092302935,0.4318262432818821,1.0,6.356495987705577,1.9155984367967316,0.3646909679161506
GO:1903358,1/120 (0.8%),0/120 (0.0%),81.94,0.012145113092302935,0.4318262432818821,1.0,6.356495987705577,1.9155984367967316,0.3646909679161506
GO:0034609,1/120 (0.8%),0/120 (0.0%),81.94,0.012145113092302935,0.4318262432818821,1.0,6.356495987705577,1.9155984367967316,0.3646909679161506
GO:0055074,1/120 (0.8%),0/120 (0.0%),81.94,0.012145113092302935,0.4318262432818821,1.0,6.356495987705577,1.9155984367967316,0.3646909679161506
GO:0007026,1/120 (0.8%),0/120 (0.0%),81.94,0.012145113092302935,0.4318262432818821,1.0,6.356495987705577,1.9155984367967316,0.3646909679161506
GO:0030177,1/120 (0.8%),0/120 (0.0%),81.94,0.012145113092302935,0.4318262432818821,1.0,6.356495987705577,1.9155984367967316,0.3646909679161506
GO:0043059,1/120 (0.8%),0/120 (0.0%),81.94,0.012145113092302935,0.4318262432818821,1.0,6.356495987705577,1.9155984367967316,0.3646909679161506
GO:0040025,2/120 (1.7%),0/120 (0.0%),11.380555555555556,0.013509305029397874,0.4673489307467372,1.0,3.5084990811506263,1.8693669921815885,0.33035874660071524
GO:0097501,1/120 (0.8%),0/120 (0.0%),68.28333333333333,0.014556524765219875,0.4777526076790113,1.0,6.093461581871782,1.836942296412865,0.32079693379149593
GO:0015870,1/120 (0.8%),0/120 (0.0%),68.28333333333333,0.014556524765219875,0.4777526076790113,1.0,6.093461581871782,1.836942296412865,0.32079693379149593
GO:0016048,1/120 (0.8%),0/120 (0.0%),58.52857142857143,0.0169620989754842,0.493442879286813,1.0,5.871069160535335,1.7705204069692362,0.3067631138075553
GO:0036092,1/120 (0.8%),0/120 (0.0%),58.52857142857143,0.0169620989754842,0.493442879286813,1.0,5.871069160535335,1.7705204069692362,0.3067631138075553
GO:1902435,1/120 (0.8%),0/120 (0.0%),58.52857142857143,0.0169620989754842,0.493442879286813,1.0,5.871069160535335,1.7705204069692362,0.3067631138075553
GO:1905941,1/120 (0.8%),0/120 (0.0%),58.52857142857143,0.0169620989754842,0.493442879286813,1.0,5.871069160535335,1.7705204069692362,0.3067631138075553
GO:0110011,1/120 (0.8%),0/120 (0.0%),58.52857142857143,0.0169620989754842,0.493442879286813,1.0,5.871069160535335,1.7705204069692362,0.3067631138075553
GO:0050893,1/120 (0.8%),0/120 (0.0%),51.2125,0.019361849735761313,0.5136480701971826,1.0,5.678424082592938,1.7130531546898256,0.28933433921398577
GO:0016558,1/120 (0.8%),0/120 (0.0%),51.2125,0.019361849735761313,0.5136480701971826,1.0,5.678424082592938,1.7130531546898256,0.28933433921398577
GO:0060069,1/120 (0.8%),0/120 (0.0%),51.2125,0.019361849735761313,0.5136480701971826,1.0,5.678424082592938,1.7130531546898256,0.28933433921398577
GO:0006509,1/120 (0.8%),0/120 (0.0%),45.522222222222226,0.02175579102536396,0.5136480701971826,1.0,5.508499081150626,1.6624251214402075,0.28933433921398577
GO:0048858,1/120 (0.8%),0/120 (0.0%),45.522222222222226,0.02175579102536396,0.5136480701971826,1.0,5.508499081150626,1.6624251214402075,0.28933433921398577
GO:0090386,1/120 (0.8%),0/120 (0.0%),45.522222222222226,0.02175579102536396,0.5136480701971826,1.0,5.508499081150626,1.6624251214402075,0.28933433921398577
GO:0060562,1/120 (0.8%),0/120 (0.0%),45.522222222222226,0.02175579102536396,0.5136480701971826,1.0,5.508499081150626,1.6624251214402075,0.28933433921398577
GO:0006614,1/120 (0.8%),0/120 (0.0%),45.522222222222226,0.02175579102536396,0.5136480701971826,1.0,5.508499081150626,1.6624251214402075,0.28933433921398577
GO:0044331,1/120 (0.8%),0/120 (0.0%),45.522222222222226,0.02175579102536396,0.5136480701971826,1.0,5.508499081150626,1.6624251214402075,0.28933433921398577
GO:0060079,2/120 (1.7%),0/120 (0.0%),8.717021276595744,0.022314341948470613,0.5136480701971826,1.0,3.1238352309153012,1.6514159160097361,0.28933433921398577
GO:0007268,2/120 (1.7%),0/120 (0.0%),8.361224489795918,0.024112277374677277,0.5136480701971826,1.0,3.0637142384777305,1.617761769110445,0.28933433921398577
GO:0031122,1/120 (0.8%),0/120 (0.0%),40.97,0.02414393679033105,0.5136480701971826,1.0,5.356495987705577,1.6171919145651041,0.28933433921398577
GO:0048015,1/120 (0.8%),0/120 (0.0%),40.97,0.02414393679033105,0.5136480701971826,1.0,5.356495987705577,1.6171919145651041,0.28933433921398577
GO:0040013,1/120 (0.8%),0/120 (0.0%),40.97,0.02414393679033105,0.5136480701971826,1.0,5.356495987705577,1.6171919145651041,0.28933433921398577
GO:0099502,1/120 (0.8%),0/120 (0.0%),40.97,0.02414393679033105,0.5136480701971826,1.0,5.356495987705577,1.6171919145651041,0.28933433921398577
GO:0045176,1/120 (0.8%),0/120 (0.0%),37.24545454545455,0.026526300943505974,0.5136480701971826,1.0,5.218992463955642,1.5763233075687115,0.28933433921398577
GO:0006909,1/120 (0.8%),0/120 (0.0%),37.24545454545455,0.026526300943505974,0.5136480701971826,1.0,5.218992463955642,1.5763233075687115,0.28933433921398577
GO:0043058,1/120 (0.8%),0/120 (0.0%),37.24545454545455,0.026526300943505974,0.5136480701971826,1.0,5.218992463955642,1.5763233075687115,0.28933433921398577
GO:0090325,1/120 (0.8%),0/120 (0.0%),37.24545454545455,0.026526300943505974,0.5136480701971826,1.0,5.218992463955642,1.5763233075687115,0.28933433921398577
GO:0017158,1/120 (0.8%),0/120 (0.0%),37.24545454545455,0.026526300943505974,0.5136480701971826,1.0,5.218992463955642,1.5763233075687115,0.28933433921398577
GO:0033617,1/120 (0.8%),0/120 (0.0%),37.24545454545455,0.026526300943505974,0.5136480701971826,1.0,5.218992463955642,1.5763233075687115,0.28933433921398577
GO:0043547,1/120 (0.8%),0/120 (0.0%),37.24545454545455,0.026526300943505974,0.5136480701971826,1.0,5.218992463955642,1.5763233075687115,0.28933433921398577
GO:0015031,3/120 (2.5%),0/120 (0.0%),4.6733840304182515,0.02688626617438378,0.5136480701971826,1.0,2.224467594021793,1.5704695061610277,0.28933433921398577
GO:0055085,4/120 (3.3%),1/120 (0.8%),3.486808510638298,0.028479630891091096,0.536087169714656,1.0,1.801907136027939,1.5454656436517946,0.27076458671016246
GO:0006744,1/120 (0.8%),0/120 (0.0%),34.141666666666666,0.028902897364615144,0.536169690242136,1.0,5.093461581871782,1.5390586193059839,0.2706977403953708
GO:0034219,1/120 (0.8%),0/120 (0.0%),31.515384615384615,0.03127373990034605,0.5483614667457938,1.0,4.977984364451847,1.5048201801269918,0.2609330705995793
GO:0015914,1/120 (0.8%),0/120 (0.0%),31.515384615384615,0.03127373990034605,0.5483614667457938,1.0,4.977984364451847,1.5048201801269918,0.2609330705995793
GO:0034606,1/120 (0.8%),0/120 (0.0%),31.515384615384615,0.03127373990034605,0.5483614667457938,1.0,4.977984364451847,1.5048201801269918,0.2609330705995793
GO:0007031,1/120 (0.8%),0/120 (0.0%),31.515384615384615,0.03127373990034605,0.5483614667457938,1.0,4.977984364451847,1.5048201801269918,0.2609330705995793
GO:0045747,1/120 (0.8%),0/120 (0.0%),29.264285714285716,0.033638842364425305,0.5665489240324262,1.0,4.871069160535335,1.4731589582781939,0.2467625809111168
GO:0016331,1/120 (0.8%),0/120 (0.0%),29.264285714285716,0.033638842364425305,0.5665489240324262,1.0,4.871069160535335,1.4731589582781939,0.2467625809111168
GO:0006491,1/120 (0.8%),0/120 (0.0%),29.264285714285716,0.033638842364425305,0.5665489240324262,1.0,4.871069160535335,1.4731589582781939,0.2467625809111168
GO:0045664,1/120 (0.8%),0/120 (0.0%),27.313333333333333,0.035998218537696275,0.5984119445227433,1.0,4.77153348698442,1.4437189908547028,0.2229997463793163
GO:0010623,1/120 (0.8%),0/120 (0.0%),24.1,0.040699846971237054,0.6511975515397929,1.0,4.590961241342599,1.3904072236905602,0.18628724103463556
GO:0001714,1/120 (0.8%),0/120 (0.0%),24.1,0.040699846971237054,0.6511975515397929,1.0,4.590961241342599,1.3904072236905602,0.18628724103463556
GO:0046854,1/120 (0.8%),0/120 (0.0%),24.1,0.040699846971237054,0.6511975515397929,1.0,4.590961241342599,1.3904072236905602,0.18628724103463556
GO:0006612,1/120 (0.8%),0/120 (0.0%),22.761111111111113,0.043042126629475645,0.6801718776015905,1.0,4.508499081150626,1.366106279148598,0.16738132837937936
GO:0070986,1/120 (0.8%),0/120 (0.0%),21.56315789473684,0.04537873479299787,0.6998166329522563,1.0,4.430496569149353,1.3431476168706367,0.15501573959884227
GO:0046716,1/120 (0.8%),0/120 (0.0%),21.56315789473684,0.04537873479299787,0.6998166329522563,1.0,4.430496569149353,1.3431476168706367,0.15501573959884227
GO:0002009,1/120 (0.8%),0/120 (0.0%),20.485,0.04770968507939201,0.7270047250193068,1.0,4.356495987705577,1.321393450109145,0.13846276652315834
GO:0006836,1/120 (0.8%),0/120 (0.0%),19.50952380952381,0.05003499107382616,0.7447068438895057,1.0,4.286106659814179,1.3007261733567022,0.12801465495240152
GO:0006906,1/120 (0.8%),0/120 (0.0%),19.50952380952381,0.05003499107382616,0.7447068438895057,1.0,4.286106659814179,1.3007261733567022,0.12801465495240152
GO:0048557,1/120 (0.8%),0/120 (0.0%),18.622727272727275,0.052354666329124847,0.7702755505894231,1.0,4.218992463955642,1.2810446039436085,0.1133538869143587
GO:0032456,1/120 (0.8%),0/120 (0.0%),17.81304347826087,0.054668724365845,0.7951814453213818,1.0,4.154862126535926,1.2622610597711077,0.09953376227340804
GO:0034514,1/120 (0.8%),0/120 (0.0%),17.070833333333333,0.056977178672352774,0.8194470640518151,1.0,4.093461581871782,1.244299059437793,0.08647909643483732
GO:0060070,1/120 (0.8%),0/120 (0.0%),16.387999999999998,0.059280042704898936,0.843093940691896,1.0,4.034567892818214,1.2270914921661225,0.07412403195757883
GO:0045214,1/120 (0.8%),0/120 (0.0%),14.127586206896552,0.06843586410069362,0.9626143521855807,1.0,3.8204430874653665,1.1647162447843813,0.016547667457606493
GO:0007219,1/120 (0.8%),0/120 (0.0%),13.656666666666666,0.07071097748846034,0.9838049041872743,1.0,3.77153348698442,1.1505131591510043,0.0070910168486910995
GO:0098609,1/120 (0.8%),0/120 (0.0%),12.05,0.07975646115118984,1.0,1.0,3.5909612413425993,1.0982341242125335,-0.0
GO:0006812,1/120 (0.8%),0/120 (0.0%),11.705714285714286,0.0820041555265585,1.0,1.0,3.5491410656479725,1.0861641393659636,-0.0
GO:0043066,1/120 (0.8%),0/120 (0.0%),11.380555555555556,0.08424640554868004,1.0,1.0,3.5084990811506263,1.074448619639711,-0.0
GO:0043051,1/120 (0.8%),0/120 (0.0%),10.78157894736842,0.08871462480896664,1.0,1.0,3.430496569149353,1.0520047798269339,-0.0
GO:0160094,1/120 (0.8%),0/120 (0.0%),10.505128205128205,0.09094062010723893,1.0,1.0,3.39302186373069,1.0412420887472085,-0.0
GO:0002119,2/120 (1.7%),0/120 (0.0%),3.8834123222748818,0.0942836271663665,1.0,1.0,1.9573248938857537,1.0255637181710824,-0.0
GO:0016055,1/120 (0.8%),0/120 (0.0%),9.992682926829268,0.09537644695772649,1.0,1.0,3.320872077974855,1.0205588602979874,-0.0
GO:0070588,1/120 (0.8%),0/120 (0.0%),9.992682926829268,0.09537644695772649,1.0,1.0,3.320872077974855,1.0205588602979874,-0.0
GO:0000271,1/120 (0.8%),0/120 (0.0%),9.527906976744186,0.09979080834328755,1.0,1.0,3.2521593278908405,1.0009094594103136,-0.0
GO:0036503,1/120 (0.8%),0/120 (0.0%),8.906521739130435,0.10637232786446767,1.0,1.0,3.154862126535926,0.9731713365035259,-0.0
GO:0046662,1/120 (0.8%),0/120 (0.0%),8.535416666666666,0.11073347516352686,1.0,1.0,3.0934615818717823,0.9557210703487392,-0.0
GO:0000132,1/120 (0.8%),0/120 (0.0%),8.361224489795918,0.11290612731313947,1.0,1.0,3.0637142384777305,0.9472824886677916,-0.0
GO:0051260,1/120 (0.8%),0/120 (0.0%),8.193999999999999,0.11507351537630604,1.0,1.0,3.0345678928182136,0.9390246194584261,-0.0
GO:0048477,1/120 (0.8%),0/120 (0.0%),8.193999999999999,0.11507351537630604,1.0,1.0,3.0345678928182136,0.9390246194584261,-0.0
GO:0035194,1/120 (0.8%),0/120 (0.0%),8.193999999999999,0.11507351537630604,1.0,1.0,3.0345678928182136,0.9390246194584261,-0.0
GO:0016477,1/120 (0.8%),0/120 (0.0%),7.449090909090909,0.1258319359998437,1.0,1.0,2.897064369068279,0.9002091214638068,-0.0
GO:0040017,1/120 (0.8%),0/120 (0.0%),7.316071428571429,0.12796800408675277,1.0,1.0,2.8710691605353347,0.892898603677057,-0.0
GO:0007169,1/120 (0.8%),0/120 (0.0%),6.828333333333333,0.13646063881376563,1.0,1.0,2.77153348698442,0.8649925999867589,-0.0
GO:0009653,1/120 (0.8%),0/120 (0.0%),6.716393442622951,0.13857095005811151,1.0,1.0,2.7476867450300526,0.8583278054514795,-0.0
GO:0018996,1/120 (0.8%),0/120 (0.0%),6.114925373134328,0.15112584655281416,1.0,1.0,2.6123348921351663,0.8206612533623637,-0.0
GO:0035725,1/120 (0.8%),0/120 (0.0%),6.025,0.15320061483628705,1.0,1.0,2.5909612413425993,0.8147394917564768,-0.0
GO:0006979,1/120 (0.8%),0/120 (0.0%),5.93768115942029,0.15527035424926652,1.0,1.0,2.5698996258147697,0.8089114561515895,-0.0
GO:1902600,1/120 (0.8%),0/120 (0.0%),5.12125,0.17770901868652836,1.0,1.0,2.3564959877055762,0.7502905313032849,-0.0
GO:0045138,1/120 (0.8%),0/120 (0.0%),4.763953488372093,0.189698108435447,1.0,1.0,2.2521593278908405,0.7219369996339694,-0.0
GO:0071805,1/120 (0.8%),0/120 (0.0%),4.603370786516853,0.1956274846123207,1.0,1.0,2.2026906516265408,0.7085701292164762,-0.0
GO:0001708,1/120 (0.8%),0/120 (0.0%),4.502197802197802,0.19955647778692798,1.0,1.0,2.1706294423942425,0.6999341700525631,-0.0
GO:0006508,2/120 (1.7%),0/120 (0.0%),2.341142857142857,0.2105794527542489,1.0,1.0,1.2272129707606099,0.676584007275845,-0.0
GO:0040011,1/120 (0.8%),0/120 (0.0%),4.223711340206186,0.2112296294322447,1.0,1.0,2.078511240405811,0.6752451628598833,-0.0
GO:0006457,1/120 (0.8%),0/120 (0.0%),4.180612244897959,0.2131586742988176,1.0,1.0,2.0637142384777305,0.6712969894374052,-0.0
GO:0006897,1/120 (0.8%),0/120 (0.0%),4.056435643564356,0.2189177827491853,1.0,1.0,2.0202125998411438,0.659718959143959,-0.0
GO:0007218,1/120 (0.8%),0/120 (0.0%),4.056435643564356,0.2189177827491853,1.0,1.0,2.0202125998411438,0.659718959143959,-0.0
GO:0006886,1/120 (0.8%),0/120 (0.0%),3.9019047619047624,0.22653161798256627,1.0,1.0,1.9641785649268162,0.6448711730903113,-0.0
GO:0006468,2/120 (1.7%),0/120 (0.0%),2.0484999999999998,0.2554797970893978,1.0,1.0,1.0345678928182138,0.5926434374451229,-0.0
GO:0051321,1/120 (0.8%),0/120 (0.0%),3.3859504132231404,0.25625792532228314,1.0,1.0,1.7595608453183442,0.5913226942463945,-0.0
GO:0007399,1/120 (0.8%),0/120 (0.0%),3.175968992248062,0.27069337477514066,1.0,1.0,1.6671968271696846,0.5675223734641018,-0.0
GO:0016192,1/120 (0.8%),0/120 (0.0%),2.82551724137931,0.2987359064068259,1.0,1.0,1.498514992578004,0.5247125744592855,-0.0
GO:0035556,1/120 (0.8%),0/120 (0.0%),2.6603896103896103,0.31403715335876736,1.0,1.0,1.4116375418980374,0.5030189680281435,-0.0
GO:0032259,1/120 (0.8%),0/120 (0.0%),2.4680722891566265,0.33392493594352085,1.0,1.0,1.3033846512460139,0.47635114866556805,-0.0
GO:0008340,1/120 (0.8%),0/120 (0.0%),1.6453815261044178,0.4566744153125568,1.0,1.0,0.7184221505248578,0.34039331858748356,-0.0
GO:0009792,1/120 (0.8%),0/120 (0.0%),1.34327868852459,0.5265334349698417,1.0,1.0,0.4257586501426899,0.27857404582348233,-0.0
GO:0006629,1/120 (0.8%),0/120 (0.0%),1.3388888888888888,0.5276962911028698,1.0,1.0,0.4210362399002868,0.27761595823754026,-0.0
GO:0030154,1/120 (0.8%),0/120 (0.0%),1.245288753799392,0.5536739438295739,1.0,1.0,0.31648030885769707,0.25674591412090186,-0.0
GO:0007165,1/120 (0.8%),1/120 (0.8%),0.8717021276595746,0.6846599007863441,1.0,1.0,-0.19809286397206088,0.16452510718042054,-0.0
GO:0006303,0/120 (0.0%),0/120 (0.0%),0.0,1.0,1.0,1.0,0.0,-0.0,-0.0
GO:1905491,0/120 (0.0%),0/120 (0.0%),0.0,1.0,1.0,1.0,0.0,-0.0,-0.0
GO:1905606,0/120 (0.0%),0/120 (0.0%),0.0,1.0,1.0,1.0,0.0,-0.0,-0.0
GO:1990502,0/120 (0.0%),0/120 (0.0%),0.0,1.0,1.0,1.0,0.0,-0.0,-0.0
GO:0046627,0/120 (0.0%),0/120 (0.0%),0.0,1.0,1.0,1.0,0.0,-0.0,-0.0
GO:0030970,0/120 (0.0%),0/120 (0.0%),0.0,1.0,1.0,1.0,0.0,-0.0,-0.0
GO:0000290,0/120 (0.0%),0/120 (0.0%),0.0,1.0,1.0,1.0,0.0,-0.0,-0.0
GO:1990569,0/120 (0.0%),0/120 (0.0%),0.0,1.0,1.0,1.0,0.0,-0.0,-0.0
GO:1990504,0/120 (0.0%),0/120 (0.0%),0.0,1.0,1.0,1.0,0.0,-0.0,-0.0
GO:1905489,0/120 (0.0%),0/120 (0.0%),0.0,1.0,1.0,1.0,0.0,-0.0,-0.0
GO:1900118,0/120 (0.0%),0/120 (0.0%),0.0,1.0,1.0,1.0,0.0,-0.0,-0.0
GO:1902104,0/120 (0.0%),0/120 (0.0%),0.0,1.0,1.0,1.0,0.0,-0.0,-0.0
GO:0031297,0/120 (0.0%),0/120 (0.0%),0.0,1.0,1.0,1.0,0.0,-0.0,-0.0
GO:0006283,0/120 (0.0%),0/120 (0.0%),0.0,1.0,1.0,1.0,0.0,-0.0,-0.0
GO:0045116,0/120 (0.0%),0/120 (0.0%),0.0,1.0,1.0,1.0,0.0,-0.0,-0.0
GO:0045494,0/120 (0.0%),0/120 (0.0%),0.0,1.0,1.0,1.0,0.0,-0.0,-0.0
GO:0045944,0/120 (0.0%),0/120 (0.0%),0.0,1.0,1.0,1.0,0.0,-0.0,-0.0
GO:0045087,0/120 (0.0%),0/120 (0.0%),0.0,1.0,1.0,1.0,0.0,-0.0,-0.0
GO:0006357,0/120 (0.0%),1/120 (0.8%),0.0,1.0,1.0,1.0,0.0,-0.0,-0.0
GO:0006355,0/120 (0.0%),1/120 (0.8%),0.0,1.0,1.0,1.0,0.0,-0.0,-0.0
GO:0000381,0/120 (0.0%),0/120 (0.0%),0.0,1.0,1.0,1.0,0.0,-0.0,-0.0
GO:0110039,0/120 (0.0%),0/120 (0.0%),0.0,1.0,1.0,1.0,0.0,-0.0,-0.0
GO:0040028,0/120 (0.0%),0/120 (0.0%),0.0,1.0,1.0,1.0,0.0,-0.0,-0.0
GO:0051726,0/120 (0.0%),0/120 (0.0%),0.0,1.0,1.0,1.0,0.0,-0.0,-0.0
GO:0045132,0/120 (0.0%),0/120 (0.0%),0.0,1.0,1.0,1.0,0.0,-0.0,-0.0
GO:0006351,0/120 (0.0%),0/120 (0.0%),0.0,1.0,1.0,1.0,0.0,-0.0,-0.0
GO:0007005,0/120 (0.0%),0/120 (0.0%),0.0,1.0,1.0,1.0,0.0,-0.0,-0.0
GO:0000165,0/120 (0.0%),0/120 (0.0%),0.0,1.0,1.0,1.0,0.0,-0.0,-0.0
GO:0010172,0/120 (0.0%),0/120 (0.0%),0.0,1.0,1.0,1.0,0.0,-0.0,-0.0
GO:0009190,0/120 (0.0%),0/120 (0.0%),0.0,1.0,1.0,1.0,0.0,-0.0,-0.0
GO:0030036,0/120 (0.0%),0/120 (0.0%),0.0,1.0,1.0,1.0,0.0,-0.0,-0.0
GO:0012501,0/120 (0.0%),0/120 (0.0%),0.0,1.0,1.0,1.0,0.0,-0.0,-0.0
GO:0000070,0/120 (0.0%),0/120 (0.0%),0.0,1.0,1.0,1.0,0.0,-0.0,-0.0
GO:0007017,0/120 (0.0%),0/120 (0.0%),0.0,1.0,1.0,1.0,0.0,-0.0,-0.0
GO:0009058,0/120 (0.0%),0/120 (0.0%),0.0,1.0,1.0,1.0,0.0,-0.0,-0.0
GO:0008150,0/120 (0.0%),0/120 (0.0%),0.0,1.0,1.0,1.0,0.0,-0.0,-0.0
GO:0009791,0/120 (0.0%),0/120 (0.0%),0.0,1.0,1.0,1.0,0.0,-0.0,-0.0
GO:0007548,0/120 (0.0%),0/120 (0.0%),0.0,1.0,1.0,1.0,0.0,-0.0,-0.0
GO:0006937,0/120 (0.0%),0/120 (0.0%),0.0,1.0,1.0,1.0,0.0,-0.0,-0.0
GO:0007010,0/120 (0.0%),0/120 (0.0%),0.0,1.0,1.0,1.0,0.0,-0.0,-0.0
GO:0006182,0/120 (0.0%),0/120 (0.0%),0.0,1.0,1.0,1.0,0.0,-0.0,-0.0
GO:0001556,0/120 (0.0%),0/120 (0.0%),0.0,1.0,1.0,1.0,0.0,-0.0,-0.0
GO:0032880,0/120 (0.0%),0/120 (0.0%),0.0,1.0,1.0,1.0,0.0,-0.0,-0.0
GO:0006310,0/120 (0.0%),0/120 (0.0%),0.0,1.0,1.0,1.0,0.0,-0.0,-0.0
GO:0006635,0/120 (0.0%),0/120 (0.0%),0.0,1.0,1.0,1.0,0.0,-0.0,-0.0
GO:0008654,0/120 (0.0%),0/120 (0.0%),0.0,1.0,1.0,1.0,0.0,-0.0,-0.0
GO:0031507,0/120 (0.0%),0/120 (0.0%),0.0,1.0,1.0,1.0,0.0,-0.0,-0.0
GO:0042659,0/120 (0.0%),0/120 (0.0%),0.0,1.0,1.0,1.0,0.0,-0.0,-0.0
GO:0042594,0/120 (0.0%),0/120 (0.0%),0.0,1.0,1.0,1.0,0.0,-0.0,-0.0
GO:0030421,0/120 (0.0%),0/120 (0.0%),0.0,1.0,1.0,1.0,0.0,-0.0,-0.0
GO:0007030,0/120 (0.0%),0/120 (0.0%),0.0,1.0,1.0,1.0,0.0,-0.0,-0.0
GO:0031146,0/120 (0.0%),0/120 (0.0%),0.0,1.0,1.0,1.0,0.0,-0.0,-0.0
GO:0032543,0/120 (0.0%),0/120 (0.0%),0.0,1.0,1.0,1.0,0.0,-0.0,-0.0
GO:0006606,0/120 (0.0%),0/120 (0.0%),0.0,1.0,1.0,1.0,0.0,-0.0,-0.0
GO:0040002,0/120 (0.0%),0/120 (0.0%),0.0,1.0,1.0,1.0,0.0,-0.0,-0.0
GO:0007018,0/120 (0.0%),0/120 (0.0%),0.0,1.0,1.0,1.0,0.0,-0.0,-0.0
GO:0031647,0/120 (0.0%),0/120 (0.0%),0.0,1.0,1.0,1.0,0.0,-0.0,-0.0
GO:0008045,0/120 (0.0%),0/120 (0.0%),0.0,1.0,1.0,1.0,0.0,-0.0,-0.0
GO:0007264,0/120 (0.0%),0/120 (0.0%),0.0,1.0,1.0,1.0,0.0,-0.0,-0.0
GO:0007154,0/120 (0.0%),0/120 (0.0%),0.0,1.0,1.0,1.0,0.0,-0.0,-0.0
GO:1902884,0/120 (0.0%),0/120 (0.0%),0.0,1.0,1.0,1.0,0.0,-0.0,-0.0
GO:0006644,0/120 (0.0%),0/120 (0.0%),0.0,1.0,1.0,1.0,0.0,-0.0,-0.0
GO:0000045,0/120 (0.0%),0/120 (0.0%),0.0,1.0,1.0,1.0,0.0,-0.0,-0.0
GO:0006665,0/120 (0.0%),0/120 (0.0%),0.0,1.0,1.0,1.0,0.0,-0.0,-0.0
GO:0098655,0/120 (0.0%),0/120 (0.0%),0.0,1.0,1.0,1.0,0.0,-0.0,-0.0
GO:0035262,0/120 (0.0%),0/120 (0.0%),0.0,1.0,1.0,1.0,0.0,-0.0,-0.0
GO:0000724,0/120 (0.0%),0/120 (0.0%),0.0,1.0,1.0,1.0,0.0,-0.0,-0.0
GO:0040026,0/120 (0.0%),0/120 (0.0%),0.0,1.0,1.0,1.0,0.0,-0.0,-0.0
GO:0006887,0/120 (0.0%),0/120 (0.0%),0.0,1.0,1.0,1.0,0.0,-0.0,-0.0
GO:0006082,0/120 (0.0%),0/120 (0.0%),0.0,1.0,1.0,1.0,0.0,-0.0,-0.0
GO:0050650,0/120 (0.0%),0/120 (0.0%),0.0,1.0,1.0,1.0,0.0,-0.0,-0.0
GO:0000281,0/120 (0.0%),0/120 (0.0%),0.0,1.0,1.0,1.0,0.0,-0.0,-0.0
GO:0048598,0/120 (0.0%),0/120 (0.0%),0.0,1.0,1.0,1.0,0.0,-0.0,-0.0
GO:0001764,0/120 (0.0%),0/120 (0.0%),0.0,1.0,1.0,1.0,0.0,-0.0,-0.0
GO:0007638,0/120 (0.0%),0/120 (0.0%),0.0,1.0,1.0,1.0,0.0,-0.0,-0.0
GO:0048666,0/120 (0.0%),0/120 (0.0%),0.0,1.0,1.0,1.0,0.0,-0.0,-0.0
GO:0000956,0/120 (0.0%),0/120 (0.0%),0.0,1.0,1.0,1.0,0.0,-0.0,-0.0
GO:0002181,0/120 (0.0%),0/120 (0.0%),0.0,1.0,1.0,1.0,0.0,-0.0,-0.0
GO:0006506,0/120 (0.0%),0/120 (0.0%),0.0,1.0,1.0,1.0,0.0,-0.0,-0.0
GO:0042338,0/120 (0.0%),0/120 (0.0%),0.0,1.0,1.0,1.0,0.0,-0.0,-0.0
GO:1901046,0/120 (0.0%),0/120 (0.0%),0.0,1.0,1.0,1.0,0.0,-0.0,-0.0
GO:0016579,0/120 (0.0%),0/120 (0.0%),0.0,1.0,1.0,1.0,0.0,-0.0,-0.0
GO:0040014,0/120 (0.0%),0/120 (0.0%),0.0,1.0,1.0,1.0,0.0,-0.0,-0.0
GO:0034976,0/120 (0.0%),0/120 (0.0%),0.0,1.0,1.0,1.0,0.0,-0.0,-0.0
GO:0050832,0/120 (0.0%),0/120 (0.0%),0.0,1.0,1.0,1.0,0.0,-0.0,-0.0
GO:0030431,0/120 (0.0%),0/120 (0.0%),0.0,1.0,1.0,1.0,0.0,-0.0,-0.0
GO:0017148,0/120 (0.0%),0/120 (0.0%),0.0,1.0,1.0,1.0,0.0,-0.0,-0.0
GO:0030001,0/120 (0.0%),0/120 (0.0%),0.0,1.0,1.0,1.0,0.0,-0.0,-0.0
GO:0042026,0/120 (0.0%),0/120 (0.0%),0.0,1.0,1.0,1.0,0.0,-0.0,-0.0
GO:0006366,0/120 (0.0%),0/120 (0.0%),0.0,1.0,1.0,1.0,0.0,-0.0,-0.0
GO:0006487,0/120 (0.0%),0/120 (0.0%),0.0,1.0,1.0,1.0,0.0,-0.0,-0.0
GO:0001666,0/120 (0.0%),0/120 (0.0%),0.0,1.0,1.0,1.0,0.0,-0.0,-0.0
GO:0006493,0/120 (0.0%),0/120 (0.0%),0.0,1.0,1.0,1.0,0.0,-0.0,-0.0
GO:0015671,0/120 (0.0%),0/120 (0.0%),0.0,1.0,1.0,1.0,0.0,-0.0,-0.0
GO:0000423,0/120 (0.0%),0/120 (0.0%),0.0,1.0,1.0,1.0,0.0,-0.0,-0.0
GO:0007097,0/120 (0.0%),0/120 (0.0%),0.0,1.0,1.0,1.0,0.0,-0.0,-0.0
GO:0006367,0/120 (0.0%),0/120 (0.0%),0.0,1.0,1.0,1.0,0.0,-0.0,-0.0
GO:0006865,0/120 (0.0%),0/120 (0.0%),0.0,1.0,1.0,1.0,0.0,-0.0,-0.0
GO:0002376,0/120 (0.0%),0/120 (0.0%),0.0,1.0,1.0,1.0,0.0,-0.0,-0.0
GO:0008202,0/120 (0.0%),0/120 (0.0%),0.0,1.0,1.0,1.0,0.0,-0.0,-0.0
GO:0006418,0/120 (0.0%),0/120 (0.0%),0.0,1.0,1.0,1.0,0.0,-0.0,-0.0
GO:0007168,0/120 (0.0%),0/120 (0.0%),0.0,1.0,1.0,1.0,0.0,-0.0,-0.0
GO:0006289,0/120 (0.0%),0/120 (0.0%),0.0,1.0,1.0,1.0,0.0,-0.0,-0.0
GO:0008652,0/120 (0.0%),0/120 (0.0%),0.0,1.0,1.0,1.0,0.0,-0.0,-0.0
GO:0030163,0/120 (0.0%),0/120 (0.0%),0.0,1.0,1.0,1.0,0.0,-0.0,-0.0
GO:0032436,0/120 (0.0%),0/120 (0.0%),0.0,1.0,1.0,1.0,0.0,-0.0,-0.0
GO:0007188,0/120 (0.0%),0/120 (0.0%),0.0,1.0,1.0,1.0,0.0,-0.0,-0.0
GO:0007271,0/120 (0.0%),0/120 (0.0%),0.0,1.0,1.0,1.0,0.0,-0.0,-0.0
GO:0007052,0/120 (0.0%),0/120 (0.0%),0.0,1.0,1.0,1.0,0.0,-0.0,-0.0
GO:0006099,0/120 (0.0%),0/120 (0.0%),0.0,1.0,1.0,1.0,0.0,-0.0,-0.0
GO:0048665,0/120 (0.0%),0/120 (0.0%),0.0,1.0,1.0,1.0,0.0,-0.0,-0.0
GO:0090597,0/120 (0.0%),0/120 (0.0%),0.0,1.0,1.0,1.0,0.0,-0.0,-0.0
GO:0019915,0/120 (0.0%),0/120 (0.0%),0.0,1.0,1.0,1.0,0.0,-0.0,-0.0
GO:0007131,0/120 (0.0%),0/120 (0.0%),0.0,1.0,1.0,1.0,0.0,-0.0,-0.0
GO:0040034,0/120 (0.0%),0/120 (0.0%),0.0,1.0,1.0,1.0,0.0,-0.0,-0.0
GO:1902475,0/120 (0.0%),0/120 (0.0%),0.0,1.0,1.0,1.0,0.0,-0.0,-0.0
GO:0006936,0/120 (0.0%),0/120 (0.0%),0.0,1.0,1.0,1.0,0.0,-0.0,-0.0
GO:0042661,0/120 (0.0%),0/120 (0.0%),0.0,1.0,1.0,1.0,0.0,-0.0,-0.0
GO:0080090,0/120 (0.0%),0/120 (0.0%),0.0,1.0,1.0,1.0,0.0,-0.0,-0.0
GO:0036499,0/120 (0.0%),0/120 (0.0%),0.0,1.0,1.0,1.0,0.0,-0.0,-0.0
GO:0006890,0/120 (0.0%),0/120 (0.0%),0.0,1.0,1.0,1.0,0.0,-0.0,-0.0
GO:0006955,0/120 (0.0%),0/120 (0.0%),0.0,1.0,1.0,1.0,0.0,-0.0,-0.0
GO:0042147,0/120 (0.0%),0/120 (0.0%),0.0,1.0,1.0,1.0,0.0,-0.0,-0.0
GO:0008356,0/120 (0.0%),0/120 (0.0%),0.0,1.0,1.0,1.0,0.0,-0.0,-0.0
GO:0006139,0/120 (0.0%),0/120 (0.0%),0.0,1.0,1.0,1.0,0.0,-0.0,-0.0
GO:0045165,0/120 (0.0%),0/120 (0.0%),0.0,1.0,1.0,1.0,0.0,-0.0,-0.0
GO:0007346,0/120 (0.0%),0/120 (0.0%),0.0,1.0,1.0,1.0,0.0,-0.0,-0.0
GO:0043065,0/120 (0.0%),0/120 (0.0%),0.0,1.0,1.0,1.0,0.0,-0.0,-0.0
GO:0007163,0/120 (0.0%),0/120 (0.0%),0.0,1.0,1.0,1.0,0.0,-0.0,-0.0
GO:0006972,0/120 (0.0%),0/120 (0.0%),0.0,1.0,1.0,1.0,0.0,-0.0,-0.0
GO:0009410,0/120 (0.0%),0/120 (0.0%),0.0,1.0,1.0,1.0,0.0,-0.0,-0.0
GO:0051028,0/120 (0.0%),0/120 (0.0%),0.0,1.0,1.0,1.0,0.0,-0.0,-0.0
GO:0016197,0/120 (0.0%),0/120 (0.0%),0.0,1.0,1.0,1.0,0.0,-0.0,-0.0
GO:0042073,0/120 (0.0%),0/120 (0.0%),0.0,1.0,1.0,1.0,0.0,-0.0,-0.0
GO:0042273,0/120 (0.0%),0/120 (0.0%),0.0,1.0,1.0,1.0,0.0,-0.0,-0.0
GO:0007626,0/120 (0.0%),0/120 (0.0%),0.0,1.0,1.0,1.0,0.0,-0.0,-0.0
GO:0007369,0/120 (0.0%),0/120 (0.0%),0.0,1.0,1.0,1.0,0.0,-0.0,-0.0
GO:0003333,0/120 (0.0%),0/120 (0.0%),0.0,1.0,1.0,1.0,0.0,-0.0,-0.0
GO:0040010,0/120 (0.0%),0/120 (0.0%),0.0,1.0,1.0,1.0,0.0,-0.0,-0.0
GO:0008355,0/120 (0.0%),0/120 (0.0%),0.0,1.0,1.0,1.0,0.0,-0.0,-0.0
GO:0015749,0/120 (0.0%),0/120 (0.0%),0.0,1.0,1.0,1.0,0.0,-0.0,-0.0
GO:0000723,0/120 (0.0%),0/120 (0.0%),0.0,1.0,1.0,1.0,0.0,-0.0,-0.0
GO:0043413,0/120 (0.0%),0/120 (0.0%),0.0,1.0,1.0,1.0,0.0,-0.0,-0.0
GO:0033563,0/120 (0.0%),0/120 (0.0%),0.0,1.0,1.0,1.0,0.0,-0.0,-0.0
GO:0007040,0/120 (0.0%),0/120 (0.0%),0.0,1.0,1.0,1.0,0.0,-0.0,-0.0
GO:0040038,0/120 (0.0%),0/120 (0.0%),0.0,1.0,1.0,1.0,0.0,-0.0,-0.0
GO:0007265,0/120 (0.0%),0/120 (0.0%),0.0,1.0,1.0,1.0,0.0,-0.0,-0.0
GO:0006406,0/120 (0.0%),0/120 (0.0%),0.0,1.0,1.0,1.0,0.0,-0.0,-0.0
GO:0090326,0/120 (0.0%),0/120 (0.0%),0.0,1.0,1.0,1.0,0.0,-0.0,-0.0
GO:0006694,0/120 (0.0%),0/120 (0.0%),0.0,1.0,1.0,1.0,0.0,-0.0,-0.0
GO:0006096,0/120 (0.0%),0/120 (0.0%),0.0,1.0,1.0,1.0,0.0,-0.0,-0.0
GO:0051604,0/120 (0.0%),0/120 (0.0%),0.0,1.0,1.0,1.0,0.0,-0.0,-0.0
GO:0048489,0/120 (0.0%),0/120 (0.0%),0.0,1.0,1.0,1.0,0.0,-0.0,-0.0
GO:0010171,0/120 (0.0%),0/120 (0.0%),0.0,1.0,1.0,1.0,0.0,-0.0,-0.0
GO:0006334,0/120 (0.0%),0/120 (0.0%),0.0,1.0,1.0,1.0,0.0,-0.0,-0.0
GO:0032502,0/120 (0.0%),0/120 (0.0%),0.0,1.0,1.0,1.0,0.0,-0.0,-0.0
GO:0032956,0/120 (0.0%),0/120 (0.0%),0.0,1.0,1.0,1.0,0.0,-0.0,-0.0
GO:0007276,0/120 (0.0%),0/120 (0.0%),0.0,1.0,1.0,1.0,0.0,-0.0,-0.0
GO:0006891,0/120 (0.0%),0/120 (0.0%),0.0,1.0,1.0,1.0,0.0,-0.0,-0.0
GO:0030703,0/120 (0.0%),0/120 (0.0%),0.0,1.0,1.0,1.0,0.0,-0.0,-0.0
GO:0006520,0/120 (0.0%),0/120 (0.0%),0.0,1.0,1.0,1.0,0.0,-0.0,-0.0
GO:0040019,0/120 (0.0%),0/120 (0.0%),0.0,1.0,1.0,1.0,0.0,-0.0,-0.0
GO:0042274,0/120 (0.0%),0/120 (0.0%),0.0,1.0,1.0,1.0,0.0,-0.0,-0.0
GO:0043050,0/120 (0.0%),0/120 (0.0%),0.0,1.0,1.0,1.0,0.0,-0.0,-0.0
GO:0008645,0/120 (0.0%),0/120 (0.0%),0.0,1.0,1.0,1.0,0.0,-0.0,-0.0
GO:0030422,0/120 (0.0%),0/120 (0.0%),0.0,1.0,1.0,1.0,0.0,-0.0,-0.0
GO:0030261,0/120 (0.0%),0/120 (0.0%),0.0,1.0,1.0,1.0,0.0,-0.0,-0.0
GO:0046513,0/120 (0.0%),0/120 (0.0%),0.0,1.0,1.0,1.0,0.0,-0.0,-0.0
GO:0009887,0/120 (0.0%),0/120 (0.0%),0.0,1.0,1.0,1.0,0.0,-0.0,-0.0
GO:0048468,0/120 (0.0%),0/120 (0.0%),0.0,1.0,1.0,1.0,0.0,-0.0,-0.0
GO:0030866,0/120 (0.0%),0/120 (0.0%),0.0,1.0,1.0,1.0,0.0,-0.0,-0.0
GO:0000413,0/120 (0.0%),0/120 (0.0%),0.0,1.0,1.0,1.0,0.0,-0.0,-0.0
GO:0016236,0/120 (0.0%),0/120 (0.0%),0.0,1.0,1.0,1.0,0.0,-0.0,-0.0
GO:0031145,0/120 (0.0%),0/120 (0.0%),0.0,1.0,1.0,1.0,0.0,-0.0,-0.0
GO:0042742,0/120 (0.0%),0/120 (0.0%),0.0,1.0,1.0,1.0,0.0,-0.0,-0.0
GO:0001508,0/120 (0.0%),0/120 (0.0%),0.0,1.0,1.0,1.0,0.0,-0.0,-0.0
GO:0009966,0/120 (0.0%),0/120 (0.0%),0.0,1.0,1.0,1.0,0.0,-0.0,-0.0
GO:0045167,0/120 (0.0%),0/120 (0.0%),0.0,1.0,1.0,1.0,0.0,-0.0,-0.0
GO:0009411,0/120 (0.0%),0/120 (0.0%),0.0,1.0,1.0,1.0,0.0,-0.0,-0.0
GO:0006368,0/120 (0.0%),0/120 (0.0%),0.0,1.0,1.0,1.0,0.0,-0.0,-0.0
GO:0009952,0/120 (0.0%),0/120 (0.0%),0.0,1.0,1.0,1.0,0.0,-0.0,-0.0
GO:0048731,0/120 (0.0%),0/120 (0.0%),0.0,1.0,1.0,1.0,0.0,-0.0,-0.0
GO:0030150,0/120 (0.0%),0/120 (0.0%),0.0,1.0,1.0,1.0,0.0,-0.0,-0.0
GO:0015986,0/120 (0.0%),0/120 (0.0%),0.0,1.0,1.0,1.0,0.0,-0.0,-0.0
GO:0002183,0/120 (0.0%),0/120 (0.0%),0.0,1.0,1.0,1.0,0.0,-0.0,-0.0
GO:0030198,0/120 (0.0%),0/120 (0.0%),0.0,1.0,1.0,1.0,0.0,-0.0,-0.0
GO:0030488,0/120 (0.0%),0/120 (0.0%),0.0,1.0,1.0,1.0,0.0,-0.0,-0.0
GO:0006805,0/120 (0.0%),0/120 (0.0%),0.0,1.0,1.0,1.0,0.0,-0.0,-0.0
GO:0000209,0/120 (0.0%),0/120 (0.0%),0.0,1.0,1.0,1.0,0.0,-0.0,-0.0
GO:0050907,0/120 (0.0%),0/120 (0.0%),0.0,1.0,1.0,1.0,0.0,-0.0,-0.0
GO:0007059,0/120 (0.0%),0/120 (0.0%),0.0,1.0,1.0,1.0,0.0,-0.0,-0.0
GO:0006633,0/120 (0.0%),0/120 (0.0%),0.0,1.0,1.0,1.0,0.0,-0.0,-0.0
GO:0040027,0/120 (0.0%),0/120 (0.0%),0.0,1.0,1.0,1.0,0.0,-0.0,-0.0
GO:0007635,0/120 (0.0%),0/120 (0.0%),0.0,1.0,1.0,1.0,0.0,-0.0,-0.0
GO:0007281,0/120 (0.0%),0/120 (0.0%),0.0,1.0,1.0,1.0,0.0,-0.0,-0.0
GO:0045892,0/120 (0.0%),0/120 (0.0%),0.0,1.0,1.0,1.0,0.0,-0.0,-0.0
GO:0040012,0/120 (0.0%),0/120 (0.0%),0.0,1.0,1.0,1.0,0.0,-0.0,-0.0
GO:0007015,0/120 (0.0%),0/120 (0.0%),0.0,1.0,1.0,1.0,0.0,-0.0,-0.0
GO:0040018,0/120 (0.0%),0/120 (0.0%),0.0,1.0,1.0,1.0,0.0,-0.0,-0.0
GO:0006821,0/120 (0.0%),0/120 (0.0%),0.0,1.0,1.0,1.0,0.0,-0.0,-0.0
GO:0006396,0/120 (0.0%),0/120 (0.0%),0.0,1.0,1.0,1.0,0.0,-0.0,-0.0
GO:0009612,0/120 (0.0%),0/120 (0.0%),0.0,1.0,1.0,1.0,0.0,-0.0,-0.0
GO:0009888,0/120 (0.0%),0/120 (0.0%),0.0,1.0,1.0,1.0,0.0,-0.0,-0.0
GO:0007409,0/120 (0.0%),0/120 (0.0%),0.0,1.0,1.0,1.0,0.0,-0.0,-0.0
GO:1905905,0/120 (0.0%),0/120 (0.0%),0.0,1.0,1.0,1.0,0.0,-0.0,-0.0
GO:0098703,0/120 (0.0%),0/120 (0.0%),0.0,1.0,1.0,1.0,0.0,-0.0,-0.0
GO:0006997,0/120 (0.0%),0/120 (0.0%),0.0,1.0,1.0,1.0,0.0,-0.0,-0.0
GO:0070482,0/120 (0.0%),0/120 (0.0%),0.0,1.0,1.0,1.0,0.0,-0.0,-0.0
GO:0040001,0/120 (0.0%),0/120 (0.0%),0.0,1.0,1.0,1.0,0.0,-0.0,-0.0
GO:0048812,0/120 (0.0%),0/120 (0.0%),0.0,1.0,1.0,1.0,0.0,-0.0,-0.0
GO:0000082,0/120 (0.0%),0/120 (0.0%),0.0,1.0,1.0,1.0,0.0,-0.0,-0.0
GO:0007517,0/120 (0.0%),0/120 (0.0%),0.0,1.0,1.0,1.0,0.0,-0.0,-0.0
GO:0007286,0/120 (0.0%),0/120 (0.0%),0.0,1.0,1.0,1.0,0.0,-0.0,-0.0
GO:0042981,0/120 (0.0%),0/120 (0.0%),0.0,1.0,1.0,1.0,0.0,-0.0,-0.0
GO:0051453,0/120 (0.0%),0/120 (0.0%),0.0,1.0,1.0,1.0,0.0,-0.0,-0.0
GO:0000712,0/120 (0.0%),0/120 (0.0%),0.0,1.0,1.0,1.0,0.0,-0.0,-0.0
GO:0000902,0/120 (0.0%),0/120 (0.0%),0.0,1.0,1.0,1.0,0.0,-0.0,-0.0
GO:0007032,0/120 (0.0%),0/120 (0.0%),0.0,1.0,1.0,1.0,0.0,-0.0,-0.0
GO:0000077,0/120 (0.0%),0/120 (0.0%),0.0,1.0,1.0,1.0,0.0,-0.0,-0.0
GO:0007614,0/120 (0.0%),0/120 (0.0%),0.0,1.0,1.0,1.0,0.0,-0.0,-0.0
GO:0007129,0/120 (0.0%),0/120 (0.0%),0.0,1.0,1.0,1.0,0.0,-0.0,-0.0
GO:0006414,0/120 (0.0%),0/120 (0.0%),0.0,1.0,1.0,1.0,0.0,-0.0,-0.0
GO:0036065,0/120 (0.0%),0/120 (0.0%),0.0,1.0,1.0,1.0,0.0,-0.0,-0.0
GO:0016311,0/120 (0.0%),0/120 (0.0%),0.0,1.0,1.0,1.0,0.0,-0.0,-0.0
GO:0006970,0/120 (0.0%),0/120 (0.0%),0.0,1.0,1.0,1.0,0.0,-0.0,-0.0
GO:0035264,0/120 (0.0%),0/120 (0.0%),0.0,1.0,1.0,1.0,0.0,-0.0,-0.0
GO:0030010,0/120 (0.0%),0/120 (0.0%),0.0,1.0,1.0,1.0,0.0,-0.0,-0.0
GO:0023052,0/120 (0.0%),0/120 (0.0%),0.0,1.0,1.0,1.0,0.0,-0.0,-0.0
GO:0006998,0/120 (0.0%),0/120 (0.0%),0.0,1.0,1.0,1.0,0.0,-0.0,-0.0
GO:0016540,0/120 (0.0%),0/120 (0.0%),0.0,1.0,1.0,1.0,0.0,-0.0,-0.0
GO:1990573,0/120 (0.0%),0/120 (0.0%),0.0,1.0,1.0,1.0,0.0,-0.0,-0.0
GO:0051445,0/120 (0.0%),0/120 (0.0%),0.0,1.0,1.0,1.0,0.0,-0.0,-0.0
GO:0043652,0/120 (0.0%),0/120 (0.0%),0.0,1.0,1.0,1.0,0.0,-0.0,-0.0
GO:0006829,0/120 (0.0%),0/120 (0.0%),0.0,1.0,1.0,1.0,0.0,-0.0,-0.0
GO:0002098,0/120 (0.0%),0/120 (0.0%),0.0,1.0,1.0,1.0,0.0,-0.0,-0.0
GO:0006516,0/120 (0.0%),0/120 (0.0%),0.0,1.0,1.0,1.0,0.0,-0.0,-0.0
GO:0090435,0/120 (0.0%),0/120 (0.0%),0.0,1.0,1.0,1.0,0.0,-0.0,-0.0
GO:0043053,0/120 (0.0%),0/120 (0.0%),0.0,1.0,1.0,1.0,0.0,-0.0,-0.0
GO:0000462,0/120 (0.0%),0/120 (0.0%),0.0,1.0,1.0,1.0,0.0,-0.0,-0.0
GO:0050920,0/120 (0.0%),0/120 (0.0%),0.0,1.0,1.0,1.0,0.0,-0.0,-0.0
GO:0040029,0/120 (0.0%),0/120 (0.0%),0.0,1.0,1.0,1.0,0.0,-0.0,-0.0
GO:0050804,0/120 (0.0%),0/120 (0.0%),0.0,1.0,1.0,1.0,0.0,-0.0,-0.0
GO:0006259,0/120 (0.0%),0/120 (0.0%),0.0,1.0,1.0,1.0,0.0,-0.0,-0.0
GO:0008610,0/120 (0.0%),0/120 (0.0%),0.0,1.0,1.0,1.0,0.0,-0.0,-0.0
GO:0009949,0/120 (0.0%),0/120 (0.0%),0.0,1.0,1.0,1.0,0.0,-0.0,-0.0
GO:0032446,0/120 (0.0%),0/120 (0.0%),0.0,1.0,1.0,1.0,0.0,-0.0,-0.0
GO:0008286,0/120 (0.0%),0/120 (0.0%),0.0,1.0,1.0,1.0,0.0,-0.0,-0.0
GO:0097402,0/120 (0.0%),0/120 (0.0%),0.0,1.0,1.0,1.0,0.0,-0.0,-0.0
GO:0031123,0/120 (0.0%),0/120 (0.0%),0.0,1.0,1.0,1.0,0.0,-0.0,-0.0
GO:0000184,0/120 (0.0%),0/120 (0.0%),0.0,1.0,1.0,1.0,0.0,-0.0,-0.0
GO:0048680,0/120 (0.0%),0/120 (0.0%),0.0,1.0,1.0,1.0,0.0,-0.0,-0.0
GO:0006278,0/120 (0.0%),0/120 (0.0%),0.0,1.0,1.0,1.0,0.0,-0.0,-0.0
GO:0006270,0/120 (0.0%),0/120 (0.0%),0.0,1.0,1.0,1.0,0.0,-0.0,-0.0
GO:0045727,0/120 (0.0%),0/120 (0.0%),0.0,1.0,1.0,1.0,0.0,-0.0,-0.0
GO:0007187,0/120 (0.0%),0/120 (0.0%),0.0,1.0,1.0,1.0,0.0,-0.0,-0.0
GO:0043171,0/120 (0.0%),0/120 (0.0%),0.0,1.0,1.0,1.0,0.0,-0.0,-0.0
GO:0040039,0/120 (0.0%),0/120 (0.0%),0.0,1.0,1.0,1.0,0.0,-0.0,-0.0
GO:0006400,0/120 (0.0%),0/120 (0.0%),0.0,1.0,1.0,1.0,0.0,-0.0,-0.0
GO:0042464,0/120 (0.0%),0/120 (0.0%),0.0,1.0,1.0,1.0,0.0,-0.0,-0.0
GO:0042395,0/120 (0.0%),0/120 (0.0%),0.0,1.0,1.0,1.0,0.0,-0.0,-0.0
GO:0040032,0/120 (0.0%),0/120 (0.0%),0.0,1.0,1.0,1.0,0.0,-0.0,-0.0
GO:0016226,0/120 (0.0%),0/120 (0.0%),0.0,1.0,1.0,1.0,0.0,-0.0,-0.0
GO:0007210,0/120 (0.0%),0/120 (0.0%),0.0,1.0,1.0,1.0,0.0,-0.0,-0.0
GO:0008595,0/120 (0.0%),0/120 (0.0%),0.0,1.0,1.0,1.0,0.0,-0.0,-0.0
GO:1905488,0/120 (0.0%),0/120 (0.0%),0.0,1.0,1.0,1.0,0.0,-0.0,-0.0
GO:1990834,0/120 (0.0%),0/120 (0.0%),0.0,1.0,1.0,1.0,0.0,-0.0,-0.0
GO:0046856,0/120 (0.0%),0/120 (0.0%),0.0,1.0,1.0,1.0,0.0,-0.0,-0.0
GO:0006261,0/120 (0.0%),0/120 (0.0%),0.0,1.0,1.0,1.0,0.0,-0.0,-0.0
GO:0006302,0/120 (0.0%),0/120 (0.0%),0.0,1.0,1.0,1.0,0.0,-0.0,-0.0
GO:0007416,0/120 (0.0%),0/120 (0.0%),0.0,1.0,1.0,1.0,0.0,-0.0,-0.0
GO:0045987,0/120 (0.0%),0/120 (0.0%),0.0,1.0,1.0,1.0,0.0,-0.0,-0.0
GO:0009968,0/120 (0.0%),0/120 (0.0%),0.0,1.0,1.0,1.0,0.0,-0.0,-0.0
GO:0007275,0/120 (0.0%),0/120 (0.0%),0.0,1.0,1.0,1.0,0.0,-0.0,-0.0
GO:0019722,0/120 (0.0%),0/120 (0.0%),0.0,1.0,1.0,1.0,0.0,-0.0,-0.0
GO:0050807,0/120 (0.0%),0/120 (0.0%),0.0,1.0,1.0,1.0,0.0,-0.0,-0.0
GO:0098662,0/120 (0.0%),0/120 (0.0%),0.0,1.0,1.0,1.0,0.0,-0.0,-0.0
GO:0036211,0/120 (0.0%),0/120 (0.0%),0.0,1.0,1.0,1.0,0.0,-0.0,-0.0
GO:0006646,0/120 (0.0%),0/120 (0.0%),0.0,1.0,1.0,1.0,0.0,-0.0,-0.0
GO:0008582,0/120 (0.0%),0/120 (0.0%),0.0,1.0,1.0,1.0,0.0,-0.0,-0.0
GO:0030490,0/120 (0.0%),0/120 (0.0%),0.0,1.0,1.0,1.0,0.0,-0.0,-0.0
GO:0048599,0/120 (0.0%),0/120 (0.0%),0.0,1.0,1.0,1.0,0.0,-0.0,-0.0
GO:0036093,0/120 (0.0%),0/120 (0.0%),0.0,1.0,1.0,1.0,0.0,-0.0,-0.0
GO:0051932,0/120 (0.0%),0/120 (0.0%),0.0,1.0,1.0,1.0,0.0,-0.0,-0.0
GO:0050808,0/120 (0.0%),0/120 (0.0%),0.0,1.0,1.0,1.0,0.0,-0.0,-0.0
GO:0061065,0/120 (0.0%),0/120 (0.0%),0.0,1.0,1.0,1.0,0.0,-0.0,-0.0
GO:1904070,0/120 (0.0%),0/120 (0.0%),0.0,1.0,1.0,1.0,0.0,-0.0,-0.0
GO:1901076,0/120 (0.0%),0/120 (0.0%),0.0,1.0,1.0,1.0,0.0,-0.0,-0.0
GO:1903356,0/120 (0.0%),0/120 (0.0%),0.0,1.0,1.0,1.0,0.0,-0.0,-0.0
GO:0006898,0/120 (0.0%),0/120 (0.0%),0.0,1.0,1.0,1.0,0.0,-0.0,-0.0
GO:0006637,0/120 (0.0%),0/120 (0.0%),0.0,1.0,1.0,1.0,0.0,-0.0,-0.0
GO:0031581,0/120 (0.0%),0/120 (0.0%),0.0,1.0,1.0,1.0,0.0,-0.0,-0.0
GO:0050821,0/120 (0.0%),0/120 (0.0%),0.0,1.0,1.0,1.0,0.0,-0.0,-0.0
GO:0032968,0/120 (0.0%),0/120 (0.0%),0.0,1.0,1.0,1.0,0.0,-0.0,-0.0
GO:2000045,0/120 (0.0%),0/120 (0.0%),0.0,1.0,1.0,1.0,0.0,-0.0,-0.0
GO:0008284,0/120 (0.0%),0/120 (0.0%),0.0,1.0,1.0,1.0,0.0,-0.0,-0.0
GO:0009786,0/120 (0.0%),0/120 (0.0%),0.0,1.0,1.0,1.0,0.0,-0.0,-0.0
GO:0090307,0/120 (0.0%),0/120 (0.0%),0.0,1.0,1.0,1.0,0.0,-0.0,-0.0
GO:0071897,0/120 (0.0%),0/120 (0.0%),0.0,1.0,1.0,1.0,0.0,-0.0,-0.0
GO:0009636,0/120 (0.0%),0/120 (0.0%),0.0,1.0,1.0,1.0,0.0,-0.0,-0.0
GO:0030148,0/120 (0.0%),0/120 (0.0%),0.0,1.0,1.0,1.0,0.0,-0.0,-0.0
GO:0031124,0/120 (0.0%),0/120 (0.0%),0.0,1.0,1.0,1.0,0.0,-0.0,-0.0
GO:0042127,0/120 (0.0%),0/120 (0.0%),0.0,1.0,1.0,1.0,0.0,-0.0,-0.0
GO:0051123,0/120 (0.0%),0/120 (0.0%),0.0,1.0,1.0,1.0,0.0,-0.0,-0.0
GO:0043052,0/120 (0.0%),0/120 (0.0%),0.0,1.0,1.0,1.0,0.0,-0.0,-0.0
GO:0051664,0/120 (0.0%),0/120 (0.0%),0.0,1.0,1.0,1.0,0.0,-0.0,-0.0
GO:0071577,0/120 (0.0%),0/120 (0.0%),0.0,1.0,1.0,1.0,0.0,-0.0,-0.0
GO:0043410,0/120 (0.0%),0/120 (0.0%),0.0,1.0,1.0,1.0,0.0,-0.0,-0.0
GO:0009306,0/120 (0.0%),0/120 (0.0%),0.0,1.0,1.0,1.0,0.0,-0.0,-0.0
GO:0009062,0/120 (0.0%),0/120 (0.0%),0.0,1.0,1.0,1.0,0.0,-0.0,-0.0
GO:2000781,0/120 (0.0%),0/120 (0.0%),0.0,1.0,1.0,1.0,0.0,-0.0,-0.0
GO:0055088,0/120 (0.0%),0/120 (0.0%),0.0,1.0,1.0,1.0,0.0,-0.0,-0.0
GO:0007034,0/120 (0.0%),0/120 (0.0%),0.0,1.0,1.0,1.0,0.0,-0.0,-0.0
GO:0040040,0/120 (0.0%),0/120 (0.0%),0.0,1.0,1.0,1.0,0.0,-0.0,-0.0
GO:0051239,0/120 (0.0%),0/120 (0.0%),0.0,1.0,1.0,1.0,0.0,-0.0,-0.0
GO:1902074,0/120 (0.0%),0/120 (0.0%),0.0,1.0,1.0,1.0,0.0,-0.0,-0.0
GO:1904747,0/120 (0.0%),0/120 (0.0%),0.0,1.0,1.0,1.0,0.0,-0.0,-0.0
GO:0007501,0/120 (0.0%),0/120 (0.0%),0.0,1.0,1.0,1.0,0.0,-0.0,-0.0
GO:0009880,0/120 (0.0%),0/120 (0.0%),0.0,1.0,1.0,1.0,0.0,-0.0,-0.0
GO:0090090,0/120 (0.0%),0/120 (0.0%),0.0,1.0,1.0,1.0,0.0,-0.0,-0.0
GO:0010608,0/120 (0.0%),0/120 (0.0%),0.0,1.0,1.0,1.0,0.0,-0.0,-0.0
GO:0035418,0/120 (0.0%),0/120 (0.0%),0.0,1.0,1.0,1.0,0.0,-0.0,-0.0
GO:0007602,0/120 (0.0%),0/120 (0.0%),0.0,1.0,1.0,1.0,0.0,-0.0,-0.0
GO:0001732,0/120 (0.0%),0/120 (0.0%),0.0,1.0,1.0,1.0,0.0,-0.0,-0.0
GO:0048513,0/120 (0.0%),0/120 (0.0%),0.0,1.0,1.0,1.0,0.0,-0.0,-0.0
GO:0008203,0/120 (0.0%),0/120 (0.0%),0.0,1.0,1.0,1.0,0.0,-0.0,-0.0
GO:0001522,0/120 (0.0%),0/120 (0.0%),0.0,1.0,1.0,1.0,0.0,-0.0,-0.0
GO:0072659,0/120 (0.0%),0/120 (0.0%),0.0,1.0,1.0,1.0,0.0,-0.0,-0.0
GO:0046580,0/120 (0.0%),0/120 (0.0%),0.0,1.0,1.0,1.0,0.0,-0.0,-0.0
GO:0030728,0/120 (0.0%),0/120 (0.0%),0.0,1.0,1.0,1.0,0.0,-0.0,-0.0
GO:0000387,0/120 (0.0%),0/120 (0.0%),0.0,1.0,1.0,1.0,0.0,-0.0,-0.0
GO:0031103,0/120 (0.0%),0/120 (0.0%),0.0,1.0,1.0,1.0,0.0,-0.0,-0.0
GO:0008306,0/120 (0.0%),0/120 (0.0%),0.0,1.0,1.0,1.0,0.0,-0.0,-0.0
GO:0006730,0/120 (0.0%),0/120 (0.0%),0.0,1.0,1.0,1.0,0.0,-0.0,-0.0
GO:0008360,0/120 (0.0%),0/120 (0.0%),0.0,1.0,1.0,1.0,0.0,-0.0,-0.0
GO:0032094,0/120 (0.0%),0/120 (0.0%),0.0,1.0,1.0,1.0,0.0,-0.0,-0.0
GO:0031640,0/120 (0.0%),0/120 (0.0%),0.0,1.0,1.0,1.0,0.0,-0.0,-0.0
GO:0098869,0/120 (0.0%),0/120 (0.0%),0.0,1.0,1.0,1.0,0.0,-0.0,-0.0
GO:0006869,0/120 (0.0%),0/120 (0.0%),0.0,1.0,1.0,1.0,0.0,-0.0,-0.0
GO:0051603,0/120 (0.0%),0/120 (0.0%),0.0,1.0,1.0,1.0,0.0,-0.0,-0.0
GO:0030182,0/120 (0.0%),0/120 (0.0%),0.0,1.0,1.0,1.0,0.0,-0.0,-0.0
GO:0000226,0/120 (0.0%),0/120 (0.0%),0.0,1.0,1.0,1.0,0.0,-0.0,-0.0
GO:0006413,0/120 (0.0%),0/120 (0.0%),0.0,1.0,1.0,1.0,0.0,-0.0,-0.0
GO:0031047,0/120 (0.0%),0/120 (0.0%),0.0,1.0,1.0,1.0,0.0,-0.0,-0.0
GO:0006417,0/120 (0.0%),0/120 (0.0%),0.0,1.0,1.0,1.0,0.0,-0.0,-0.0
GO:0006950,0/120 (0.0%),0/120 (0.0%),0.0,1.0,1.0,1.0,0.0,-0.0,-0.0
GO:0006754,0/120 (0.0%),0/120 (0.0%),0.0,1.0,1.0,1.0,0.0,-0.0,-0.0
GO:0007506,0/120 (0.0%),0/120 (0.0%),0.0,1.0,1.0,1.0,0.0,-0.0,-0.0
GO:0035435,0/120 (0.0%),0/120 (0.0%),0.0,1.0,1.0,1.0,0.0,-0.0,-0.0
GO:0019344,0/120 (0.0%),0/120 (0.0%),0.0,1.0,1.0,1.0,0.0,-0.0,-0.0
GO:0006352,0/120 (0.0%),0/120 (0.0%),0.0,1.0,1.0,1.0,0.0,-0.0,-0.0
GO:0015701,0/120 (0.0%),0/120 (0.0%),0.0,1.0,1.0,1.0,0.0,-0.0,-0.0
GO:0061067,0/120 (0.0%),0/120 (0.0%),0.0,1.0,1.0,1.0,0.0,-0.0,-0.0
GO:0043484,0/120 (0.0%),0/120 (0.0%),0.0,1.0,1.0,1.0,0.0,-0.0,-0.0
GO:0006488,0/120 (0.0%),0/120 (0.0%),0.0,1.0,1.0,1.0,0.0,-0.0,-0.0
GO:0060298,0/120 (0.0%),0/120 (0.0%),0.0,1.0,1.0,1.0,0.0,-0.0,-0.0
GO:0015012,0/120 (0.0%),0/120 (0.0%),0.0,1.0,1.0,1.0,0.0,-0.0,-0.0
GO:0060255,0/120 (0.0%),0/120 (0.0%),0.0,1.0,1.0,1.0,0.0,-0.0,-0.0
GO:2000819,0/120 (0.0%),0/120 (0.0%),0.0,1.0,1.0,1.0,0.0,-0.0,-0.0
GO:0006309,0/120 (0.0%),0/120 (0.0%),0.0,1.0,1.0,1.0,0.0,-0.0,-0.0
GO:0035249,0/120 (0.0%),0/120 (0.0%),0.0,1.0,1.0,1.0,0.0,-0.0,-0.0
GO:0034501,0/120 (0.0%),0/120 (0.0%),0.0,1.0,1.0,1.0,0.0,-0.0,-0.0
GO:0007423,0/120 (0.0%),0/120 (0.0%),0.0,1.0,1.0,1.0,0.0,-0.0,-0.0
GO:0000212,0/120 (0.0%),0/120 (0.0%),0.0,1.0,1.0,1.0,0.0,-0.0,-0.0
GO:0048814,0/120 (0.0%),0/120 (0.0%),0.0,1.0,1.0,1.0,0.0,-0.0,-0.0
GO:0048846,0/120 (0.0%),0/120 (0.0%),0.0,1.0,1.0,1.0,0.0,-0.0,-0.0
GO:0006825,0/120 (0.0%),0/120 (0.0%),0.0,1.0,1.0,1.0,0.0,-0.0,-0.0
GO:0050793,0/120 (0.0%),0/120 (0.0%),0.0,1.0,1.0,1.0,0.0,-0.0,-0.0
GO:0090727,0/120 (0.0%),0/120 (0.0%),0.0,1.0,1.0,1.0,0.0,-0.0,-0.0
GO:1902742,0/120 (0.0%),0/120 (0.0%),0.0,1.0,1.0,1.0,0.0,-0.0,-0.0
GO:1902667,0/120 (0.0%),0/120 (0.0%),0.0,1.0,1.0,1.0,0.0,-0.0,-0.0
GO:0019752,0/120 (0.0%),0/120 (0.0%),0.0,1.0,1.0,1.0,0.0,-0.0,-0.0
GO:0030071,0/120 (0.0%),0/120 (0.0%),0.0,1.0,1.0,1.0,0.0,-0.0,-0.0
GO:0007631,0/120 (0.0%),0/120 (0.0%),0.0,1.0,1.0,1.0,0.0,-0.0,-0.0
GO:0061066,0/120 (0.0%),0/120 (0.0%),0.0,1.0,1.0,1.0,0.0,-0.0,-0.0
GO:0015813,0/120 (0.0%),0/120 (0.0%),0.0,1.0,1.0,1.0,0.0,-0.0,-0.0
GO:0071028,0/120 (0.0%),0/120 (0.0%),0.0,1.0,1.0,1.0,0.0,-0.0,-0.0
GO:0007212,0/120 (0.0%),0/120 (0.0%),0.0,1.0,1.0,1.0,0.0,-0.0,-0.0
GO:0035973,0/120 (0.0%),0/120 (0.0%),0.0,1.0,1.0,1.0,0.0,-0.0,-0.0
GO:0034727,0/120 (0.0%),0/120 (0.0%),0.0,1.0,1.0,1.0,0.0,-0.0,-0.0
GO:0009451,0/120 (0.0%),0/120 (0.0%),0.0,1.0,1.0,1.0,0.0,-0.0,-0.0
GO:0006006,0/120 (0.0%),0/120 (0.0%),0.0,1.0,1.0,1.0,0.0,-0.0,-0.0
GO:0046488,0/120 (0.0%),0/120 (0.0%),0.0,1.0,1.0,1.0,0.0,-0.0,-0.0
GO:0009794,0/120 (0.0%),0/120 (0.0%),0.0,1.0,1.0,1.0,0.0,-0.0,-0.0
GO:0010038,0/120 (0.0%),0/120 (0.0%),0.0,1.0,1.0,1.0,0.0,-0.0,-0.0
GO:0090263,0/120 (0.0%),0/120 (0.0%),0.0,1.0,1.0,1.0,0.0,-0.0,-0.0
GO:0006879,0/120 (0.0%),0/120 (0.0%),0.0,1.0,1.0,1.0,0.0,-0.0,-0.0
GO:0010286,0/120 (0.0%),0/120 (0.0%),0.0,1.0,1.0,1.0,0.0,-0.0,-0.0
GO:0050976,0/120 (0.0%),0/120 (0.0%),0.0,1.0,1.0,1.0,0.0,-0.0,-0.0
GO:0045454,0/120 (0.0%),0/120 (0.0%),0.0,1.0,1.0,1.0,0.0,-0.0,-0.0
GO:1905815,0/120 (0.0%),0/120 (0.0%),0.0,1.0,1.0,1.0,0.0,-0.0,-0.0
GO:1904263,0/120 (0.0%),0/120 (0.0%),0.0,1.0,1.0,1.0,0.0,-0.0,-0.0
GO:0000289,0/120 (0.0%),0/120 (0.0%),0.0,1.0,1.0,1.0,0.0,-0.0,-0.0
GO:0140367,0/120 (0.0%),0/120 (0.0%),0.0,1.0,1.0,1.0,0.0,-0.0,-0.0
GO:0030833,0/120 (0.0%),0/120 (0.0%),0.0,1.0,1.0,1.0,0.0,-0.0,-0.0
GO:0007189,0/120 (0.0%),0/120 (0.0%),0.0,1.0,1.0,1.0,0.0,-0.0,-0.0
GO:0042542,0/120 (0.0%),0/120 (0.0%),0.0,1.0,1.0,1.0,0.0,-0.0,-0.0
GO:0016126,0/120 (0.0%),0/120 (0.0%),0.0,1.0,1.0,1.0,0.0,-0.0,-0.0
GO:0042761,0/120 (0.0%),0/120 (0.0%),0.0,1.0,1.0,1.0,0.0,-0.0,-0.0
GO:0055059,0/120 (0.0%),0/120 (0.0%),0.0,1.0,1.0,1.0,0.0,-0.0,-0.0
GO:0051302,0/120 (0.0%),0/120 (0.0%),0.0,1.0,1.0,1.0,0.0,-0.0,-0.0
GO:0010508,0/120 (0.0%),0/120 (0.0%),0.0,1.0,1.0,1.0,0.0,-0.0,-0.0
GO:0010506,0/120 (0.0%),0/120 (0.0%),0.0,1.0,1.0,1.0,0.0,-0.0,-0.0
GO:0007267,0/120 (0.0%),0/120 (0.0%),0.0,1.0,1.0,1.0,0.0,-0.0,-0.0
GO:0051307,0/120 (0.0%),0/120 (0.0%),0.0,1.0,1.0,1.0,0.0,-0.0,-0.0
GO:0006893,0/120 (0.0%),0/120 (0.0%),0.0,1.0,1.0,1.0,0.0,-0.0,-0.0
GO:0007029,0/120 (0.0%),0/120 (0.0%),0.0,1.0,1.0,1.0,0.0,-0.0,-0.0
GO:0006122,0/120 (0.0%),0/120 (0.0%),0.0,1.0,1.0,1.0,0.0,-0.0,-0.0
GO:0006164,0/120 (0.0%),0/120 (0.0%),0.0,1.0,1.0,1.0,0.0,-0.0,-0.0
GO:0070266,0/120 (0.0%),0/120 (0.0%),0.0,1.0,1.0,1.0,0.0,-0.0,-0.0
GO:0051988,0/120 (0.0%),0/120 (0.0%),0.0,1.0,1.0,1.0,0.0,-0.0,-0.0
GO:0000463,0/120 (0.0%),0/120 (0.0%),0.0,1.0,1.0,1.0,0.0,-0.0,-0.0
GO:0000727,0/120 (0.0%),0/120 (0.0%),0.0,1.0,1.0,1.0,0.0,-0.0,-0.0
GO:0006401,0/120 (0.0%),0/120 (0.0%),0.0,1.0,1.0,1.0,0.0,-0.0,-0.0
GO:0010558,0/120 (0.0%),0/120 (0.0%),0.0,1.0,1.0,1.0,0.0,-0.0,-0.0
GO:0030536,0/120 (0.0%),0/120 (0.0%),0.0,1.0,1.0,1.0,0.0,-0.0,-0.0
GO:0031175,0/120 (0.0%),0/120 (0.0%),0.0,1.0,1.0,1.0,0.0,-0.0,-0.0
GO:1900182,0/120 (0.0%),0/120 (0.0%),0.0,1.0,1.0,1.0,0.0,-0.0,-0.0
GO:0030516,0/120 (0.0%),0/120 (0.0%),0.0,1.0,1.0,1.0,0.0,-0.0,-0.0
GO:0060282,0/120 (0.0%),0/120 (0.0%),0.0,1.0,1.0,1.0,0.0,-0.0,-0.0
GO:2000114,0/120 (0.0%),0/120 (0.0%),0.0,1.0,1.0,1.0,0.0,-0.0,-0.0
GO:0032981,0/120 (0.0%),0/120 (0.0%),0.0,1.0,1.0,1.0,0.0,-0.0,-0.0
GO:0008608,0/120 (0.0%),0/120 (0.0%),0.0,1.0,1.0,1.0,0.0,-0.0,-0.0
GO:0093002,0/120 (0.0%),0/120 (0.0%),0.0,1.0,1.0,1.0,0.0,-0.0,-0.0
GO:0030509,0/120 (0.0%),0/120 (0.0%),0.0,1.0,1.0,1.0,0.0,-0.0,-0.0
GO:1905789,0/120 (0.0%),0/120 (0.0%),0.0,1.0,1.0,1.0,0.0,-0.0,-0.0
GO:0048730,0/120 (0.0%),0/120 (0.0%),0.0,1.0,1.0,1.0,0.0,-0.0,-0.0
GO:0007617,0/120 (0.0%),0/120 (0.0%),0.0,1.0,1.0,1.0,0.0,-0.0,-0.0
GO:0030041,0/120 (0.0%),0/120 (0.0%),0.0,1.0,1.0,1.0,0.0,-0.0,-0.0
GO:0005977,0/120 (0.0%),0/120 (0.0%),0.0,1.0,1.0,1.0,0.0,-0.0,-0.0
GO:0042078,0/120 (0.0%),0/120 (0.0%),0.0,1.0,1.0,1.0,0.0,-0.0,-0.0
GO:0043054,0/120 (0.0%),0/120 (0.0%),0.0,1.0,1.0,1.0,0.0,-0.0,-0.0
GO:0061564,0/120 (0.0%),0/120 (0.0%),0.0,1.0,1.0,1.0,0.0,-0.0,-0.0
GO:0007166,0/120 (0.0%),0/120 (0.0%),0.0,1.0,1.0,1.0,0.0,-0.0,-0.0
GO:0014057,0/120 (0.0%),0/120 (0.0%),0.0,1.0,1.0,1.0,0.0,-0.0,-0.0
GO:0060179,0/120 (0.0%),0/120 (0.0%),0.0,1.0,1.0,1.0,0.0,-0.0,-0.0
GO:0007254,0/120 (0.0%),0/120 (0.0%),0.0,1.0,1.0,1.0,0.0,-0.0,-0.0
GO:0038007,0/120 (0.0%),0/120 (0.0%),0.0,1.0,1.0,1.0,0.0,-0.0,-0.0
GO:0002164,0/120 (0.0%),0/120 (0.0%),0.0,1.0,1.0,1.0,0.0,-0.0,-0.0
GO:0007274,0/120 (0.0%),0/120 (0.0%),0.0,1.0,1.0,1.0,0.0,-0.0,-0.0
GO:0035545,0/120 (0.0%),0/120 (0.0%),0.0,1.0,1.0,1.0,0.0,-0.0,-0.0
GO:0007338,0/120 (0.0%),0/120 (0.0%),0.0,1.0,1.0,1.0,0.0,-0.0,-0.0
GO:0035046,0/120 (0.0%),0/120 (0.0%),0.0,1.0,1.0,1.0,0.0,-0.0,-0.0
GO:0019941,0/120 (0.0%),0/120 (0.0%),0.0,1.0,1.0,1.0,0.0,-0.0,-0.0
GO:0007417,0/120 (0.0%),0/120 (0.0%),0.0,1.0,1.0,1.0,0.0,-0.0,-0.0
GO:0072327,0/120 (0.0%),0/120 (0.0%),0.0,1.0,1.0,1.0,0.0,-0.0,-0.0
GO:0007420,0/120 (0.0%),0/120 (0.0%),0.0,1.0,1.0,1.0,0.0,-0.0,-0.0
GO:0001676,0/120 (0.0%),0/120 (0.0%),0.0,1.0,1.0,1.0,0.0,-0.0,-0.0
GO:0008406,0/120 (0.0%),0/120 (0.0%),0.0,1.0,1.0,1.0,0.0,-0.0,-0.0
GO:0006888,0/120 (0.0%),0/120 (0.0%),0.0,1.0,1.0,1.0,0.0,-0.0,-0.0
GO:0006813,0/120 (0.0%),0/120 (0.0%),0.0,1.0,1.0,1.0,0.0,-0.0,-0.0
GO:0000278,0/120 (0.0%),0/120 (0.0%),0.0,1.0,1.0,1.0,0.0,-0.0,-0.0
GO:0042254,0/120 (0.0%),0/120 (0.0%),0.0,1.0,1.0,1.0,0.0,-0.0,-0.0
GO:0006749,0/120 (0.0%),0/120 (0.0%),0.0,1.0,1.0,1.0,0.0,-0.0,-0.0
GO:0009408,0/120 (0.0%),0/120 (0.0%),0.0,1.0,1.0,1.0,0.0,-0.0,-0.0
GO:0006814,0/120 (0.0%),0/120 (0.0%),0.0,1.0,1.0,1.0,0.0,-0.0,-0.0
GO:0006914,0/120 (0.0%),0/120 (0.0%),0.0,1.0,1.0,1.0,0.0,-0.0,-0.0
GO:0030522,0/120 (0.0%),0/120 (0.0%),0.0,1.0,1.0,1.0,0.0,-0.0,-0.0
GO:0042427,0/120 (0.0%),0/120 (0.0%),0.0,1.0,1.0,1.0,0.0,-0.0,-0.0
GO:0000470,0/120 (0.0%),0/120 (0.0%),0.0,1.0,1.0,1.0,0.0,-0.0,-0.0
GO:0007094,0/120 (0.0%),0/120 (0.0%),0.0,1.0,1.0,1.0,0.0,-0.0,-0.0
GO:0070593,0/120 (0.0%),0/120 (0.0%),0.0,1.0,1.0,1.0,0.0,-0.0,-0.0
GO:0006885,0/120 (0.0%),0/120 (0.0%),0.0,1.0,1.0,1.0,0.0,-0.0,-0.0
GO:0006123,0/120 (0.0%),0/120 (0.0%),0.0,1.0,1.0,1.0,0.0,-0.0,-0.0
GO:0006402,0/120 (0.0%),0/120 (0.0%),0.0,1.0,1.0,1.0,0.0,-0.0,-0.0
GO:0061709,0/120 (0.0%),0/120 (0.0%),0.0,1.0,1.0,1.0,0.0,-0.0,-0.0
GO:0007160,0/120 (0.0%),0/120 (0.0%),0.0,1.0,1.0,1.0,0.0,-0.0,-0.0
GO:0051177,0/120 (0.0%),0/120 (0.0%),0.0,1.0,1.0,1.0,0.0,-0.0,-0.0
GO:0061025,0/120 (0.0%),0/120 (0.0%),0.0,1.0,1.0,1.0,0.0,-0.0,-0.0
GO:0043518,0/120 (0.0%),0/120 (0.0%),0.0,1.0,1.0,1.0,0.0,-0.0,-0.0
GO:0043277,0/120 (0.0%),0/120 (0.0%),0.0,1.0,1.0,1.0,0.0,-0.0,-0.0
GO:0030042,0/120 (0.0%),0/120 (0.0%),0.0,1.0,1.0,1.0,0.0,-0.0,-0.0
GO:0048024,0/120 (0.0%),0/120 (0.0%),0.0,1.0,1.0,1.0,0.0,-0.0,-0.0
GO:0051382,0/120 (0.0%),0/120 (0.0%),0.0,1.0,1.0,1.0,0.0,-0.0,-0.0
GO:0045595,0/120 (0.0%),0/120 (0.0%),0.0,1.0,1.0,1.0,0.0,-0.0,-0.0
GO:0045332,0/120 (0.0%),0/120 (0.0%),0.0,1.0,1.0,1.0,0.0,-0.0,-0.0
GO:0007060,0/120 (0.0%),0/120 (0.0%),0.0,1.0,1.0,1.0,0.0,-0.0,-0.0
GO:0007064,0/120 (0.0%),0/120 (0.0%),0.0,1.0,1.0,1.0,0.0,-0.0,-0.0
GO:0030511,0/120 (0.0%),0/120 (0.0%),0.0,1.0,1.0,1.0,0.0,-0.0,-0.0
GO:0042006,0/120 (0.0%),0/120 (0.0%),0.0,1.0,1.0,1.0,0.0,-0.0,-0.0
GO:1903863,0/120 (0.0%),0/120 (0.0%),0.0,1.0,1.0,1.0,0.0,-0.0,-0.0
GO:2000294,0/120 (0.0%),0/120 (0.0%),0.0,1.0,1.0,1.0,0.0,-0.0,-0.0
GO:1904491,0/120 (0.0%),0/120 (0.0%),0.0,1.0,1.0,1.0,0.0,-0.0,-0.0
GO:1990170,0/120 (0.0%),0/120 (0.0%),0.0,1.0,1.0,1.0,0.0,-0.0,-0.0
GO:0030953,0/120 (0.0%),0/120 (0.0%),0.0,1.0,1.0,1.0,0.0,-0.0,-0.0
GO:1905909,0/120 (0.0%),0/120 (0.0%),0.0,1.0,1.0,1.0,0.0,-0.0,-0.0
GO:0110155,0/120 (0.0%),0/120 (0.0%),0.0,1.0,1.0,1.0,0.0,-0.0,-0.0
GO:0060290,0/120 (0.0%),0/120 (0.0%),0.0,1.0,1.0,1.0,0.0,-0.0,-0.0
GO:0007530,0/120 (0.0%),0/120 (0.0%),0.0,1.0,1.0,1.0,0.0,-0.0,-0.0
GO:0035721,0/120 (0.0%),0/120 (0.0%),0.0,1.0,1.0,1.0,0.0,-0.0,-0.0
GO:0035434,0/120 (0.0%),0/120 (0.0%),0.0,1.0,1.0,1.0,0.0,-0.0,-0.0
GO:0007266,0/120 (0.0%),0/120 (0.0%),0.0,1.0,1.0,1.0,0.0,-0.0,-0.0
GO:0090158,0/120 (0.0%),0/120 (0.0%),0.0,1.0,1.0,1.0,0.0,-0.0,-0.0
GO:0045292,0/120 (0.0%),0/120 (0.0%),0.0,1.0,1.0,1.0,0.0,-0.0,-0.0
GO:0010332,0/120 (0.0%),0/120 (0.0%),0.0,1.0,1.0,1.0,0.0,-0.0,-0.0
GO:0035150,0/120 (0.0%),0/120 (0.0%),0.0,1.0,1.0,1.0,0.0,-0.0,-0.0
GO:0006032,0/120 (0.0%),0/120 (0.0%),0.0,1.0,1.0,1.0,0.0,-0.0,-0.0
GO:0007419,0/120 (0.0%),0/120 (0.0%),0.0,1.0,1.0,1.0,0.0,-0.0,-0.0
GO:0007413,0/120 (0.0%),0/120 (0.0%),0.0,1.0,1.0,1.0,0.0,-0.0,-0.0
GO:0009755,0/120 (0.0%),0/120 (0.0%),0.0,1.0,1.0,1.0,0.0,-0.0,-0.0
GO:0046034,0/120 (0.0%),0/120 (0.0%),0.0,1.0,1.0,1.0,0.0,-0.0,-0.0
GO:0009072,0/120 (0.0%),0/120 (0.0%),0.0,1.0,1.0,1.0,0.0,-0.0,-0.0
GO:0006298,0/120 (0.0%),0/120 (0.0%),0.0,1.0,1.0,1.0,0.0,-0.0,-0.0
GO:1905485,0/120 (0.0%),0/120 (0.0%),0.0,1.0,1.0,1.0,0.0,-0.0,-0.0
GO:0006657,0/120 (0.0%),0/120 (0.0%),0.0,1.0,1.0,1.0,0.0,-0.0,-0.0
GO:0030473,0/120 (0.0%),0/120 (0.0%),0.0,1.0,1.0,1.0,0.0,-0.0,-0.0
GO:0097475,0/120 (0.0%),0/120 (0.0%),0.0,1.0,1.0,1.0,0.0,-0.0,-0.0
GO:0050767,0/120 (0.0%),0/120 (0.0%),0.0,1.0,1.0,1.0,0.0,-0.0,-0.0
GO:0097723,0/120 (0.0%),0/120 (0.0%),0.0,1.0,1.0,1.0,0.0,-0.0,-0.0
GO:0046835,0/120 (0.0%),0/120 (0.0%),0.0,1.0,1.0,1.0,0.0,-0.0,-0.0
GO:1905792,0/120 (0.0%),0/120 (0.0%),0.0,1.0,1.0,1.0,0.0,-0.0,-0.0
GO:0048699,0/120 (0.0%),0/120 (0.0%),0.0,1.0,1.0,1.0,0.0,-0.0,-0.0
GO:0034198,0/120 (0.0%),0/120 (0.0%),0.0,1.0,1.0,1.0,0.0,-0.0,-0.0
GO:0008078,0/120 (0.0%),0/120 (0.0%),0.0,1.0,1.0,1.0,0.0,-0.0,-0.0
GO:0050482,0/120 (0.0%),0/120 (0.0%),0.0,1.0,1.0,1.0,0.0,-0.0,-0.0
GO:0048337,0/120 (0.0%),0/120 (0.0%),0.0,1.0,1.0,1.0,0.0,-0.0,-0.0
GO:0034587,0/120 (0.0%),0/120 (0.0%),0.0,1.0,1.0,1.0,0.0,-0.0,-0.0
GO:0160096,0/120 (0.0%),0/120 (0.0%),0.0,1.0,1.0,1.0,0.0,-0.0,-0.0
GO:0006559,0/120 (0.0%),0/120 (0.0%),0.0,1.0,1.0,1.0,0.0,-0.0,-0.0
GO:0033314,0/120 (0.0%),0/120 (0.0%),0.0,1.0,1.0,1.0,0.0,-0.0,-0.0
GO:1901135,0/120 (0.0%),0/120 (0.0%),0.0,1.0,1.0,1.0,0.0,-0.0,-0.0
GO:0001555,0/120 (0.0%),0/120 (0.0%),0.0,1.0,1.0,1.0,0.0,-0.0,-0.0
GO:1902358,0/120 (0.0%),0/120 (0.0%),0.0,1.0,1.0,1.0,0.0,-0.0,-0.0
GO:1901642,0/120 (0.0%),0/120 (0.0%),0.0,1.0,1.0,1.0,0.0,-0.0,-0.0
GO:0032228,0/120 (0.0%),0/120 (0.0%),0.0,1.0,1.0,1.0,0.0,-0.0,-0.0
GO:0006656,0/120 (0.0%),0/120 (0.0%),0.0,1.0,1.0,1.0,0.0,-0.0,-0.0
GO:0046686,0/120 (0.0%),0/120 (0.0%),0.0,1.0,1.0,1.0,0.0,-0.0,-0.0
GO:0032222,0/120 (0.0%),0/120 (0.0%),0.0,1.0,1.0,1.0,0.0,-0.0,-0.0
GO:0006654,0/120 (0.0%),0/120 (0.0%),0.0,1.0,1.0,1.0,0.0,-0.0,-0.0
GO:0009267,0/120 (0.0%),0/120 (0.0%),0.0,1.0,1.0,1.0,0.0,-0.0,-0.0
GO:0009086,0/120 (0.0%),0/120 (0.0%),0.0,1.0,1.0,1.0,0.0,-0.0,-0.0
GO:1905516,0/120 (0.0%),0/120 (0.0%),0.0,1.0,1.0,1.0,0.0,-0.0,-0.0
GO:0031032,0/120 (0.0%),0/120 (0.0%),0.0,1.0,1.0,1.0,0.0,-0.0,-0.0
GO:0008344,0/120 (0.0%),0/120 (0.0%),0.0,1.0,1.0,1.0,0.0,-0.0,-0.0
GO:0008630,0/120 (0.0%),0/120 (0.0%),0.0,1.0,1.0,1.0,0.0,-0.0,-0.0
GO:0045197,0/120 (0.0%),0/120 (0.0%),0.0,1.0,1.0,1.0,0.0,-0.0,-0.0
GO:0010446,0/120 (0.0%),0/120 (0.0%),0.0,1.0,1.0,1.0,0.0,-0.0,-0.0
GO:0048193,0/120 (0.0%),0/120 (0.0%),0.0,1.0,1.0,1.0,0.0,-0.0,-0.0
GO:0006777,0/120 (0.0%),0/120 (0.0%),0.0,1.0,1.0,1.0,0.0,-0.0,-0.0
GO:0034314,0/120 (0.0%),0/120 (0.0%),0.0,1.0,1.0,1.0,0.0,-0.0,-0.0
GO:0045746,0/120 (0.0%),0/120 (0.0%),0.0,1.0,1.0,1.0,0.0,-0.0,-0.0
GO:0045732,0/120 (0.0%),0/120 (0.0%),0.0,1.0,1.0,1.0,0.0,-0.0,-0.0
GO:0097500,0/120 (0.0%),0/120 (0.0%),0.0,1.0,1.0,1.0,0.0,-0.0,-0.0
GO:0030031,0/120 (0.0%),0/120 (0.0%),0.0,1.0,1.0,1.0,0.0,-0.0,-0.0
GO:0045887,0/120 (0.0%),0/120 (0.0%),0.0,1.0,1.0,1.0,0.0,-0.0,-0.0
GO:0045814,0/120 (0.0%),0/120 (0.0%),0.0,1.0,1.0,1.0,0.0,-0.0,-0.0
GO:0030238,0/120 (0.0%),0/120 (0.0%),0.0,1.0,1.0,1.0,0.0,-0.0,-0.0
GO:0097499,0/120 (0.0%),0/120 (0.0%),0.0,1.0,1.0,1.0,0.0,-0.0,-0.0
GO:0120009,0/120 (0.0%),0/120 (0.0%),0.0,1.0,1.0,1.0,0.0,-0.0,-0.0
GO:0090522,0/120 (0.0%),0/120 (0.0%),0.0,1.0,1.0,1.0,0.0,-0.0,-0.0
GO:0010165,0/120 (0.0%),0/120 (0.0%),0.0,1.0,1.0,1.0,0.0,-0.0,-0.0
GO:0072334,0/120 (0.0%),0/120 (0.0%),0.0,1.0,1.0,1.0,0.0,-0.0,-0.0
GO:0050913,0/120 (0.0%),0/120 (0.0%),0.0,1.0,1.0,1.0,0.0,-0.0,-0.0
GO:0019367,0/120 (0.0%),0/120 (0.0%),0.0,1.0,1.0,1.0,0.0,-0.0,-0.0
GO:0019363,0/120 (0.0%),0/120 (0.0%),0.0,1.0,1.0,1.0,0.0,-0.0,-0.0
GO:0006986,0/120 (0.0%),0/120 (0.0%),0.0,1.0,1.0,1.0,0.0,-0.0,-0.0
GO:0036376,0/120 (0.0%),0/120 (0.0%),0.0,1.0,1.0,1.0,0.0,-0.0,-0.0
GO:0043137,0/120 (0.0%),0/120 (0.0%),0.0,1.0,1.0,1.0,0.0,-0.0,-0.0
GO:0043408,0/120 (0.0%),0/120 (0.0%),0.0,1.0,1.0,1.0,0.0,-0.0,-0.0
GO:0048841,0/120 (0.0%),0/120 (0.0%),0.0,1.0,1.0,1.0,0.0,-0.0,-0.0
GO:0008277,0/120 (0.0%),0/120 (0.0%),0.0,1.0,1.0,1.0,0.0,-0.0,-0.0
GO:0008593,0/120 (0.0%),0/120 (0.0%),0.0,1.0,1.0,1.0,0.0,-0.0,-0.0
GO:0008544,0/120 (0.0%),0/120 (0.0%),0.0,1.0,1.0,1.0,0.0,-0.0,-0.0
GO:0008361,0/120 (0.0%),0/120 (0.0%),0.0,1.0,1.0,1.0,0.0,-0.0,-0.0
GO:0016358,0/120 (0.0%),0/120 (0.0%),0.0,1.0,1.0,1.0,0.0,-0.0,-0.0
GO:0048488,0/120 (0.0%),0/120 (0.0%),0.0,1.0,1.0,1.0,0.0,-0.0,-0.0
GO:0048691,0/120 (0.0%),0/120 (0.0%),0.0,1.0,1.0,1.0,0.0,-0.0,-0.0
GO:0010883,0/120 (0.0%),0/120 (0.0%),0.0,1.0,1.0,1.0,0.0,-0.0,-0.0
GO:0010877,0/120 (0.0%),0/120 (0.0%),0.0,1.0,1.0,1.0,0.0,-0.0,-0.0
GO:0072583,0/120 (0.0%),0/120 (0.0%),0.0,1.0,1.0,1.0,0.0,-0.0,-0.0
GO:0006465,0/120 (0.0%),0/120 (0.0%),0.0,1.0,1.0,1.0,0.0,-0.0,-0.0
GO:0006884,0/120 (0.0%),0/120 (0.0%),0.0,1.0,1.0,1.0,0.0,-0.0,-0.0
GO:0006913,0/120 (0.0%),0/120 (0.0%),0.0,1.0,1.0,1.0,0.0,-0.0,-0.0
GO:0006833,0/120 (0.0%),0/120 (0.0%),0.0,1.0,1.0,1.0,0.0,-0.0,-0.0
GO:0035966,0/120 (0.0%),0/120 (0.0%),0.0,1.0,1.0,1.0,0.0,-0.0,-0.0
GO:0034625,0/120 (0.0%),0/120 (0.0%),0.0,1.0,1.0,1.0,0.0,-0.0,-0.0
GO:0034626,0/120 (0.0%),0/120 (0.0%),0.0,1.0,1.0,1.0,0.0,-0.0,-0.0
GO:0035641,0/120 (0.0%),0/120 (0.0%),0.0,1.0,1.0,1.0,0.0,-0.0,-0.0
GO:0016042,0/120 (0.0%),0/120 (0.0%),0.0,1.0,1.0,1.0,0.0,-0.0,-0.0
GO:0008033,0/120 (0.0%),0/120 (0.0%),0.0,1.0,1.0,1.0,0.0,-0.0,-0.0
GO:0007411,0/120 (0.0%),0/120 (0.0%),0.0,1.0,1.0,1.0,0.0,-0.0,-0.0
GO:0007283,0/120 (0.0%),0/120 (0.0%),0.0,1.0,1.0,1.0,0.0,-0.0,-0.0
GO:0030968,0/120 (0.0%),0/120 (0.0%),0.0,1.0,1.0,1.0,0.0,-0.0,-0.0
GO:0010629,0/120 (0.0%),0/120 (0.0%),0.0,1.0,1.0,1.0,0.0,-0.0,-0.0
GO:0006260,0/120 (0.0%),0/120 (0.0%),0.0,1.0,1.0,1.0,0.0,-0.0,-0.0
GO:0045893,0/120 (0.0%),0/120 (0.0%),0.0,1.0,1.0,1.0,0.0,-0.0,-0.0
GO:0050830,0/120 (0.0%),0/120 (0.0%),0.0,1.0,1.0,1.0,0.0,-0.0,-0.0
GO:0006915,0/120 (0.0%),0/120 (0.0%),0.0,1.0,1.0,1.0,0.0,-0.0,-0.0
GO:0000460,0/120 (0.0%),0/120 (0.0%),0.0,1.0,1.0,1.0,0.0,-0.0,-0.0
GO:0006623,0/120 (0.0%),0/120 (0.0%),0.0,1.0,1.0,1.0,0.0,-0.0,-0.0
GO:2000370,0/120 (0.0%),0/120 (0.0%),0.0,1.0,1.0,1.0,0.0,-0.0,-0.0
GO:1905910,0/120 (0.0%),0/120 (0.0%),0.0,1.0,1.0,1.0,0.0,-0.0,-0.0
GO:0007178,0/120 (0.0%),0/120 (0.0%),0.0,1.0,1.0,1.0,0.0,-0.0,-0.0
GO:0000303,0/120 (0.0%),0/120 (0.0%),0.0,1.0,1.0,1.0,0.0,-0.0,-0.0
GO:0031167,0/120 (0.0%),0/120 (0.0%),0.0,1.0,1.0,1.0,0.0,-0.0,-0.0
GO:1903818,0/120 (0.0%),0/120 (0.0%),0.0,1.0,1.0,1.0,0.0,-0.0,-0.0
GO:0051276,0/120 (0.0%),0/120 (0.0%),0.0,1.0,1.0,1.0,0.0,-0.0,-0.0
GO:0007229,0/120 (0.0%),0/120 (0.0%),0.0,1.0,1.0,1.0,0.0,-0.0,-0.0
GO:0007200,0/120 (0.0%),0/120 (0.0%),0.0,1.0,1.0,1.0,0.0,-0.0,-0.0
GO:0045039,0/120 (0.0%),0/120 (0.0%),0.0,1.0,1.0,1.0,0.0,-0.0,-0.0
GO:0015812,0/120 (0.0%),0/120 (0.0%),0.0,1.0,1.0,1.0,0.0,-0.0,-0.0
GO:0048278,0/120 (0.0%),0/120 (0.0%),0.0,1.0,1.0,1.0,0.0,-0.0,-0.0
GO:0043039,0/120 (0.0%),0/120 (0.0%),0.0,1.0,1.0,1.0,0.0,-0.0,-0.0
GO:0043068,0/120 (0.0%),0/120 (0.0%),0.0,1.0,1.0,1.0,0.0,-0.0,-0.0
GO:0051017,0/120 (0.0%),0/120 (0.0%),0.0,1.0,1.0,1.0,0.0,-0.0,-0.0
GO:0051026,0/120 (0.0%),0/120 (0.0%),0.0,1.0,1.0,1.0,0.0,-0.0,-0.0
GO:0042335,0/120 (0.0%),0/120 (0.0%),0.0,1.0,1.0,1.0,0.0,-0.0,-0.0
GO:0051256,0/120 (0.0%),0/120 (0.0%),0.0,1.0,1.0,1.0,0.0,-0.0,-0.0
GO:0002064,0/120 (0.0%),0/120 (0.0%),0.0,1.0,1.0,1.0,0.0,-0.0,-0.0
GO:0042795,0/120 (0.0%),0/120 (0.0%),0.0,1.0,1.0,1.0,0.0,-0.0,-0.0
GO:0042059,0/120 (0.0%),0/120 (0.0%),0.0,1.0,1.0,1.0,0.0,-0.0,-0.0
GO:0040015,0/120 (0.0%),0/120 (0.0%),0.0,1.0,1.0,1.0,0.0,-0.0,-0.0
GO:0007098,0/120 (0.0%),0/120 (0.0%),0.0,1.0,1.0,1.0,0.0,-0.0,-0.0
GO:0007095,0/120 (0.0%),0/120 (0.0%),0.0,1.0,1.0,1.0,0.0,-0.0,-0.0
GO:0016079,0/120 (0.0%),0/120 (0.0%),0.0,1.0,1.0,1.0,0.0,-0.0,-0.0
GO:0051965,0/120 (0.0%),0/120 (0.0%),0.0,1.0,1.0,1.0,0.0,-0.0,-0.0
GO:0016070,0/120 (0.0%),0/120 (0.0%),0.0,1.0,1.0,1.0,0.0,-0.0,-0.0
GO:0045047,0/120 (0.0%),0/120 (0.0%),0.0,1.0,1.0,1.0,0.0,-0.0,-0.0
GO:0098813,0/120 (0.0%),0/120 (0.0%),0.0,1.0,1.0,1.0,0.0,-0.0,-0.0
GO:0006801,0/120 (0.0%),0/120 (0.0%),0.0,1.0,1.0,1.0,0.0,-0.0,-0.0
GO:0006611,0/120 (0.0%),0/120 (0.0%),0.0,1.0,1.0,1.0,0.0,-0.0,-0.0
GO:0030155,0/120 (0.0%),0/120 (0.0%),0.0,1.0,1.0,1.0,0.0,-0.0,-0.0
GO:0008643,0/120 (0.0%),0/120 (0.0%),0.0,1.0,1.0,1.0,0.0,-0.0,-0.0
GO:0046940,0/120 (0.0%),0/120 (0.0%),0.0,1.0,1.0,1.0,0.0,-0.0,-0.0
GO:0046785,0/120 (0.0%),0/120 (0.0%),0.0,1.0,1.0,1.0,0.0,-0.0,-0.0
GO:0030239,0/120 (0.0%),0/120 (0.0%),0.0,1.0,1.0,1.0,0.0,-0.0,-0.0
GO:0034504,0/120 (0.0%),0/120 (0.0%),0.0,1.0,1.0,1.0,0.0,-0.0,-0.0
GO:0097352,0/120 (0.0%),0/120 (0.0%),0.0,1.0,1.0,1.0,0.0,-0.0,-0.0
GO:0106074,0/120 (0.0%),0/120 (0.0%),0.0,1.0,1.0,1.0,0.0,-0.0,-0.0
GO:0098719,0/120 (0.0%),0/120 (0.0%),0.0,1.0,1.0,1.0,0.0,-0.0,-0.0
GO:0030007,0/120 (0.0%),0/120 (0.0%),0.0,1.0,1.0,1.0,0.0,-0.0,-0.0
GO:0098734,0/120 (0.0%),0/120 (0.0%),0.0,1.0,1.0,1.0,0.0,-0.0,-0.0
GO:0045910,0/120 (0.0%),0/120 (0.0%),0.0,1.0,1.0,1.0,0.0,-0.0,-0.0
GO:0061817,0/120 (0.0%),0/120 (0.0%),0.0,1.0,1.0,1.0,0.0,-0.0,-0.0
GO:0031509,0/120 (0.0%),0/120 (0.0%),0.0,1.0,1.0,1.0,0.0,-0.0,-0.0
GO:1901970,0/120 (0.0%),0/120 (0.0%),0.0,1.0,1.0,1.0,0.0,-0.0,-0.0
GO:0140021,0/120 (0.0%),0/120 (0.0%),0.0,1.0,1.0,1.0,0.0,-0.0,-0.0
GO:0006518,0/120 (0.0%),0/120 (0.0%),0.0,1.0,1.0,1.0,0.0,-0.0,-0.0
GO:1903354,0/120 (0.0%),0/120 (0.0%),0.0,1.0,1.0,1.0,0.0,-0.0,-0.0
GO:0030336,0/120 (0.0%),0/120 (0.0%),0.0,1.0,1.0,1.0,0.0,-0.0,-0.0
GO:0030497,0/120 (0.0%),0/120 (0.0%),0.0,1.0,1.0,1.0,0.0,-0.0,-0.0
GO:0032511,0/120 (0.0%),0/120 (0.0%),0.0,1.0,1.0,1.0,0.0,-0.0,-0.0
GO:0006572,0/120 (0.0%),0/120 (0.0%),0.0,1.0,1.0,1.0,0.0,-0.0,-0.0
GO:0009435,0/120 (0.0%),0/120 (0.0%),0.0,1.0,1.0,1.0,0.0,-0.0,-0.0
GO:0000422,0/120 (0.0%),0/120 (0.0%),0.0,1.0,1.0,1.0,0.0,-0.0,-0.0
GO:0009266,0/120 (0.0%),0/120 (0.0%),0.0,1.0,1.0,1.0,0.0,-0.0,-0.0
GO:0046579,0/120 (0.0%),0/120 (0.0%),0.0,1.0,1.0,1.0,0.0,-0.0,-0.0
GO:0032224,0/120 (0.0%),0/120 (0.0%),0.0,1.0,1.0,1.0,0.0,-0.0,-0.0
GO:0032012,0/120 (0.0%),0/120 (0.0%),0.0,1.0,1.0,1.0,0.0,-0.0,-0.0
GO:0022008,0/120 (0.0%),0/120 (0.0%),0.0,1.0,1.0,1.0,0.0,-0.0,-0.0
GO:0006882,0/120 (0.0%),0/120 (0.0%),0.0,1.0,1.0,1.0,0.0,-0.0,-0.0
GO:0071542,0/120 (0.0%),0/120 (0.0%),0.0,1.0,1.0,1.0,0.0,-0.0,-0.0
GO:0017121,0/120 (0.0%),0/120 (0.0%),0.0,1.0,1.0,1.0,0.0,-0.0,-0.0
GO:0048813,0/120 (0.0%),0/120 (0.0%),0.0,1.0,1.0,1.0,0.0,-0.0,-0.0
GO:0070507,0/120 (0.0%),0/120 (0.0%),0.0,1.0,1.0,1.0,0.0,-0.0,-0.0
GO:0038066,0/120 (0.0%),0/120 (0.0%),0.0,1.0,1.0,1.0,0.0,-0.0,-0.0
GO:0007616,0/120 (0.0%),0/120 (0.0%),0.0,1.0,1.0,1.0,0.0,-0.0,-0.0
GO:0007567,0/120 (0.0%),0/120 (0.0%),0.0,1.0,1.0,1.0,0.0,-0.0,-0.0
GO:0042811,0/120 (0.0%),0/120 (0.0%),0.0,1.0,1.0,1.0,0.0,-0.0,-0.0
GO:0050921,0/120 (0.0%),0/120 (0.0%),0.0,1.0,1.0,1.0,0.0,-0.0,-0.0
GO:0016925,0/120 (0.0%),0/120 (0.0%),0.0,1.0,1.0,1.0,0.0,-0.0,-0.0
GO:0061512,0/120 (0.0%),0/120 (0.0%),0.0,1.0,1.0,1.0,0.0,-0.0,-0.0
GO:0061723,0/120 (0.0%),0/120 (0.0%),0.0,1.0,1.0,1.0,0.0,-0.0,-0.0
GO:0006383,0/120 (0.0%),0/120 (0.0%),0.0,1.0,1.0,1.0,0.0,-0.0,-0.0
GO:0003006,0/120 (0.0%),0/120 (0.0%),0.0,1.0,1.0,1.0,0.0,-0.0,-0.0
GO:0042744,0/120 (0.0%),0/120 (0.0%),0.0,1.0,1.0,1.0,0.0,-0.0,-0.0
GO:0040022,0/120 (0.0%),0/120 (0.0%),0.0,1.0,1.0,1.0,0.0,-0.0,-0.0
GO:0051016,0/120 (0.0%),0/120 (0.0%),0.0,1.0,1.0,1.0,0.0,-0.0,-0.0
GO:0034475,0/120 (0.0%),0/120 (0.0%),0.0,1.0,1.0,1.0,0.0,-0.0,-0.0
GO:0090481,0/120 (0.0%),0/120 (0.0%),0.0,1.0,1.0,1.0,0.0,-0.0,-0.0
GO:0034472,0/120 (0.0%),0/120 (0.0%),0.0,1.0,1.0,1.0,0.0,-0.0,-0.0
GO:0006883,0/120 (0.0%),0/120 (0.0%),0.0,1.0,1.0,1.0,0.0,-0.0,-0.0
GO:0010754,0/120 (0.0%),0/120 (0.0%),0.0,1.0,1.0,1.0,0.0,-0.0,-0.0
GO:0008299,0/120 (0.0%),0/120 (0.0%),0.0,1.0,1.0,1.0,0.0,-0.0,-0.0
GO:0010631,0/120 (0.0%),0/120 (0.0%),0.0,1.0,1.0,1.0,0.0,-0.0,-0.0
GO:0019532,0/120 (0.0%),0/120 (0.0%),0.0,1.0,1.0,1.0,0.0,-0.0,-0.0
GO:0006094,0/120 (0.0%),0/120 (0.0%),0.0,1.0,1.0,1.0,0.0,-0.0,-0.0
GO:0034608,0/120 (0.0%),0/120 (0.0%),0.0,1.0,1.0,1.0,0.0,-0.0,-0.0
GO:2000643,0/120 (0.0%),0/120 (0.0%),0.0,1.0,1.0,1.0,0.0,-0.0,-0.0
GO:0042796,0/120 (0.0%),0/120 (0.0%),0.0,1.0,1.0,1.0,0.0,-0.0,-0.0
GO:0016973,0/120 (0.0%),0/120 (0.0%),0.0,1.0,1.0,1.0,0.0,-0.0,-0.0
GO:0051661,0/120 (0.0%),0/120 (0.0%),0.0,1.0,1.0,1.0,0.0,-0.0,-0.0
GO:0007173,0/120 (0.0%),0/120 (0.0%),0.0,1.0,1.0,1.0,0.0,-0.0,-0.0
GO:0051306,0/120 (0.0%),0/120 (0.0%),0.0,1.0,1.0,1.0,0.0,-0.0,-0.0
GO:0051225,0/120 (0.0%),0/120 (0.0%),0.0,1.0,1.0,1.0,0.0,-0.0,-0.0
GO:0007035,0/120 (0.0%),0/120 (0.0%),0.0,1.0,1.0,1.0,0.0,-0.0,-0.0
GO:0000467,0/120 (0.0%),0/120 (0.0%),0.0,1.0,1.0,1.0,0.0,-0.0,-0.0
GO:0016322,0/120 (0.0%),0/120 (0.0%),0.0,1.0,1.0,1.0,0.0,-0.0,-0.0
GO:0001966,0/120 (0.0%),0/120 (0.0%),0.0,1.0,1.0,1.0,0.0,-0.0,-0.0
GO:0007076,0/120 (0.0%),0/120 (0.0%),0.0,1.0,1.0,1.0,0.0,-0.0,-0.0
GO:0007062,0/120 (0.0%),0/120 (0.0%),0.0,1.0,1.0,1.0,0.0,-0.0,-0.0
GO:0016081,0/120 (0.0%),0/120 (0.0%),0.0,1.0,1.0,1.0,0.0,-0.0,-0.0
GO:0016075,0/120 (0.0%),0/120 (0.0%),0.0,1.0,1.0,1.0,0.0,-0.0,-0.0
GO:0006376,0/120 (0.0%),0/120 (0.0%),0.0,1.0,1.0,1.0,0.0,-0.0,-0.0
GO:1904937,0/120 (0.0%),0/120 (0.0%),0.0,1.0,1.0,1.0,0.0,-0.0,-0.0
GO:0000028,0/120 (0.0%),0/120 (0.0%),0.0,1.0,1.0,1.0,0.0,-0.0,-0.0
GO:1904936,0/120 (0.0%),0/120 (0.0%),0.0,1.0,1.0,1.0,0.0,-0.0,-0.0
GO:0000245,0/120 (0.0%),0/120 (0.0%),0.0,1.0,1.0,1.0,0.0,-0.0,-0.0
GO:0000266,0/120 (0.0%),0/120 (0.0%),0.0,1.0,1.0,1.0,0.0,-0.0,-0.0
GO:1904811,0/120 (0.0%),0/120 (0.0%),0.0,1.0,1.0,1.0,0.0,-0.0,-0.0
GO:1990544,0/120 (0.0%),0/120 (0.0%),0.0,1.0,1.0,1.0,0.0,-0.0,-0.0
GO:0000302,0/120 (0.0%),0/120 (0.0%),0.0,1.0,1.0,1.0,0.0,-0.0,-0.0
GO:1904262,0/120 (0.0%),0/120 (0.0%),0.0,1.0,1.0,1.0,0.0,-0.0,-0.0
GO:0031272,0/120 (0.0%),0/120 (0.0%),0.0,1.0,1.0,1.0,0.0,-0.0,-0.0
GO:1903998,0/120 (0.0%),0/120 (0.0%),0.0,1.0,1.0,1.0,0.0,-0.0,-0.0
GO:0006636,0/120 (0.0%),0/120 (0.0%),0.0,1.0,1.0,1.0,0.0,-0.0,-0.0
GO:0051781,0/120 (0.0%),0/120 (0.0%),0.0,1.0,1.0,1.0,0.0,-0.0,-0.0
GO:1905936,0/120 (0.0%),0/120 (0.0%),0.0,1.0,1.0,1.0,0.0,-0.0,-0.0
GO:0000380,0/120 (0.0%),0/120 (0.0%),0.0,1.0,1.0,1.0,0.0,-0.0,-0.0
GO:2000292,0/120 (0.0%),0/120 (0.0%),0.0,1.0,1.0,1.0,0.0,-0.0,-0.0
GO:0051298,0/120 (0.0%),0/120 (0.0%),0.0,1.0,1.0,1.0,0.0,-0.0,-0.0
GO:0007213,0/120 (0.0%),0/120 (0.0%),0.0,1.0,1.0,1.0,0.0,-0.0,-0.0
GO:0051315,0/120 (0.0%),0/120 (0.0%),0.0,1.0,1.0,1.0,0.0,-0.0,-0.0
GO:0051480,0/120 (0.0%),0/120 (0.0%),0.0,1.0,1.0,1.0,0.0,-0.0,-0.0
GO:0051642,0/120 (0.0%),0/120 (0.0%),0.0,1.0,1.0,1.0,0.0,-0.0,-0.0
GO:0007179,0/120 (0.0%),0/120 (0.0%),0.0,1.0,1.0,1.0,0.0,-0.0,-0.0
GO:0051782,0/120 (0.0%),0/120 (0.0%),0.0,1.0,1.0,1.0,0.0,-0.0,-0.0
GO:1905879,0/120 (0.0%),0/120 (0.0%),0.0,1.0,1.0,1.0,0.0,-0.0,-0.0
GO:0030950,0/120 (0.0%),0/120 (0.0%),0.0,1.0,1.0,1.0,0.0,-0.0,-0.0
GO:0030951,0/120 (0.0%),0/120 (0.0%),0.0,1.0,1.0,1.0,0.0,-0.0,-0.0
GO:0031048,0/120 (0.0%),0/120 (0.0%),0.0,1.0,1.0,1.0,0.0,-0.0,-0.0
GO:0000338,0/120 (0.0%),0/120 (0.0%),0.0,1.0,1.0,1.0,0.0,-0.0,-0.0
GO:2000300,0/120 (0.0%),0/120 (0.0%),0.0,1.0,1.0,1.0,0.0,-0.0,-0.0
GO:0030574,0/120 (0.0%),0/120 (0.0%),0.0,1.0,1.0,1.0,0.0,-0.0,-0.0
GO:1903361,0/120 (0.0%),0/120 (0.0%),0.0,1.0,1.0,1.0,0.0,-0.0,-0.0
GO:0019216,0/120 (0.0%),0/120 (0.0%),0.0,1.0,1.0,1.0,0.0,-0.0,-0.0
GO:0015833,0/120 (0.0%),0/120 (0.0%),0.0,1.0,1.0,1.0,0.0,-0.0,-0.0
GO:0015858,0/120 (0.0%),0/120 (0.0%),0.0,1.0,1.0,1.0,0.0,-0.0,-0.0
GO:0051257,0/120 (0.0%),0/120 (0.0%),0.0,1.0,1.0,1.0,0.0,-0.0,-0.0
GO:0042176,0/120 (0.0%),0/120 (0.0%),0.0,1.0,1.0,1.0,0.0,-0.0,-0.0
GO:0042694,0/120 (0.0%),0/120 (0.0%),0.0,1.0,1.0,1.0,0.0,-0.0,-0.0
GO:0042776,0/120 (0.0%),0/120 (0.0%),0.0,1.0,1.0,1.0,0.0,-0.0,-0.0
GO:0016998,0/120 (0.0%),0/120 (0.0%),0.0,1.0,1.0,1.0,0.0,-0.0,-0.0
GO:0060184,0/120 (0.0%),0/120 (0.0%),0.0,1.0,1.0,1.0,0.0,-0.0,-0.0
GO:0006221,0/120 (0.0%),0/120 (0.0%),0.0,1.0,1.0,1.0,0.0,-0.0,-0.0
GO:0042149,0/120 (0.0%),0/120 (0.0%),0.0,1.0,1.0,1.0,0.0,-0.0,-0.0
GO:0055064,0/120 (0.0%),0/120 (0.0%),0.0,1.0,1.0,1.0,0.0,-0.0,-0.0
GO:0055075,0/120 (0.0%),0/120 (0.0%),0.0,1.0,1.0,1.0,0.0,-0.0,-0.0
GO:0006369,0/120 (0.0%),0/120 (0.0%),0.0,1.0,1.0,1.0,0.0,-0.0,-0.0
GO:0006405,0/120 (0.0%),0/120 (0.0%),0.0,1.0,1.0,1.0,0.0,-0.0,-0.0
GO:0070979,0/120 (0.0%),0/120 (0.0%),0.0,1.0,1.0,1.0,0.0,-0.0,-0.0
GO:0010498,0/120 (0.0%),0/120 (0.0%),0.0,1.0,1.0,1.0,0.0,-0.0,-0.0
GO:0050658,0/120 (0.0%),0/120 (0.0%),0.0,1.0,1.0,1.0,0.0,-0.0,-0.0
GO:0050775,0/120 (0.0%),0/120 (0.0%),0.0,1.0,1.0,1.0,0.0,-0.0,-0.0
GO:0050803,0/120 (0.0%),0/120 (0.0%),0.0,1.0,1.0,1.0,0.0,-0.0,-0.0
GO:0007600,0/120 (0.0%),0/120 (0.0%),0.0,1.0,1.0,1.0,0.0,-0.0,-0.0
GO:0050906,0/120 (0.0%),0/120 (0.0%),0.0,1.0,1.0,1.0,0.0,-0.0,-0.0
GO:0015718,0/120 (0.0%),0/120 (0.0%),0.0,1.0,1.0,1.0,0.0,-0.0,-0.0
GO:0060279,0/120 (0.0%),0/120 (0.0%),0.0,1.0,1.0,1.0,0.0,-0.0,-0.0
GO:0060395,0/120 (0.0%),0/120 (0.0%),0.0,1.0,1.0,1.0,0.0,-0.0,-0.0
GO:0060625,0/120 (0.0%),0/120 (0.0%),0.0,1.0,1.0,1.0,0.0,-0.0,-0.0
GO:0061024,0/120 (0.0%),0/120 (0.0%),0.0,1.0,1.0,1.0,0.0,-0.0,-0.0
GO:0061063,0/120 (0.0%),0/120 (0.0%),0.0,1.0,1.0,1.0,0.0,-0.0,-0.0
GO:0061096,0/120 (0.0%),0/120 (0.0%),0.0,1.0,1.0,1.0,0.0,-0.0,-0.0
GO:0061643,0/120 (0.0%),0/120 (0.0%),0.0,1.0,1.0,1.0,0.0,-0.0,-0.0
GO:0019098,0/120 (0.0%),0/120 (0.0%),0.0,1.0,1.0,1.0,0.0,-0.0,-0.0
GO:0071218,0/120 (0.0%),0/120 (0.0%),0.0,1.0,1.0,1.0,0.0,-0.0,-0.0
GO:0071526,0/120 (0.0%),0/120 (0.0%),0.0,1.0,1.0,1.0,0.0,-0.0,-0.0
GO:0009957,0/120 (0.0%),0/120 (0.0%),0.0,1.0,1.0,1.0,0.0,-0.0,-0.0
GO:0008333,0/120 (0.0%),0/120 (0.0%),0.0,1.0,1.0,1.0,0.0,-0.0,-0.0
GO:0008285,0/120 (0.0%),0/120 (0.0%),0.0,1.0,1.0,1.0,0.0,-0.0,-0.0
GO:0043252,0/120 (0.0%),0/120 (0.0%),0.0,1.0,1.0,1.0,0.0,-0.0,-0.0
GO:0043409,0/120 (0.0%),0/120 (0.0%),0.0,1.0,1.0,1.0,0.0,-0.0,-0.0
GO:0019432,0/120 (0.0%),0/120 (0.0%),0.0,1.0,1.0,1.0,0.0,-0.0,-0.0
GO:0036500,0/120 (0.0%),0/120 (0.0%),0.0,1.0,1.0,1.0,0.0,-0.0,-0.0
GO:0038202,0/120 (0.0%),0/120 (0.0%),0.0,1.0,1.0,1.0,0.0,-0.0,-0.0
GO:0006952,0/120 (0.0%),0/120 (0.0%),0.0,1.0,1.0,1.0,0.0,-0.0,-0.0
GO:0007004,0/120 (0.0%),0/120 (0.0%),0.0,1.0,1.0,1.0,0.0,-0.0,-0.0
GO:0007009,0/120 (0.0%),0/120 (0.0%),0.0,1.0,1.0,1.0,0.0,-0.0,-0.0
GO:0007019,0/120 (0.0%),0/120 (0.0%),0.0,1.0,1.0,1.0,0.0,-0.0,-0.0
GO:0065008,0/120 (0.0%),0/120 (0.0%),0.0,1.0,1.0,1.0,0.0,-0.0,-0.0
GO:0070291,0/120 (0.0%),0/120 (0.0%),0.0,1.0,1.0,1.0,0.0,-0.0,-0.0
GO:0008104,0/120 (0.0%),0/120 (0.0%),0.0,1.0,1.0,1.0,0.0,-0.0,-0.0
GO:0006486,0/120 (0.0%),0/120 (0.0%),0.0,1.0,1.0,1.0,0.0,-0.0,-0.0
GO:0043161,0/120 (0.0%),0/120 (0.0%),0.0,1.0,1.0,1.0,0.0,-0.0,-0.0
GO:0006364,0/120 (0.0%),0/120 (0.0%),0.0,1.0,1.0,1.0,0.0,-0.0,-0.0
GO:0010628,0/120 (0.0%),0/120 (0.0%),0.0,1.0,1.0,1.0,0.0,-0.0,-0.0
GO:0006325,0/120 (0.0%),0/120 (0.0%),0.0,1.0,1.0,1.0,0.0,-0.0,-0.0
GO:0097374,0/120 (0.0%),0/120 (0.0%),0.0,1.0,1.0,1.0,0.0,-0.0,-0.0
GO:0098542,0/120 (0.0%),0/120 (0.0%),0.0,1.0,1.0,1.0,0.0,-0.0,-0.0
GO:0098664,0/120 (0.0%),0/120 (0.0%),0.0,1.0,1.0,1.0,0.0,-0.0,-0.0
GO:0033365,0/120 (0.0%),0/120 (0.0%),0.0,1.0,1.0,1.0,0.0,-0.0,-0.0
GO:0033540,0/120 (0.0%),0/120 (0.0%),0.0,1.0,1.0,1.0,0.0,-0.0,-0.0
GO:0045931,0/120 (0.0%),0/120 (0.0%),0.0,1.0,1.0,1.0,0.0,-0.0,-0.0
GO:0048382,0/120 (0.0%),0/120 (0.0%),0.0,1.0,1.0,1.0,0.0,-0.0,-0.0
GO:0048589,0/120 (0.0%),0/120 (0.0%),0.0,1.0,1.0,1.0,0.0,-0.0,-0.0
GO:0048675,0/120 (0.0%),0/120 (0.0%),0.0,1.0,1.0,1.0,0.0,-0.0,-0.0
GO:0048681,0/120 (0.0%),0/120 (0.0%),0.0,1.0,1.0,1.0,0.0,-0.0,-0.0
GO:0022900,0/120 (0.0%),0/120 (0.0%),0.0,1.0,1.0,1.0,0.0,-0.0,-0.0
GO:0090087,0/120 (0.0%),0/120 (0.0%),0.0,1.0,1.0,1.0,0.0,-0.0,-0.0
GO:0090387,0/120 (0.0%),0/120 (0.0%),0.0,1.0,1.0,1.0,0.0,-0.0,-0.0
GO:0035720,0/120 (0.0%),0/120 (0.0%),0.0,1.0,1.0,1.0,0.0,-0.0,-0.0
GO:0036149,0/120 (0.0%),0/120 (0.0%),0.0,1.0,1.0,1.0,0.0,-0.0,-0.0
GO:0031573,0/120 (0.0%),0/120 (0.0%),0.0,1.0,1.0,1.0,0.0,-0.0,-0.0
GO:0031929,0/120 (0.0%),0/120 (0.0%),0.0,1.0,1.0,1.0,0.0,-0.0,-0.0
GO:0046688,0/120 (0.0%),0/120 (0.0%),0.0,1.0,1.0,1.0,0.0,-0.0,-0.0
GO:0047496,0/120 (0.0%),0/120 (0.0%),0.0,1.0,1.0,1.0,0.0,-0.0,-0.0
GO:0006265,0/120 (0.0%),0/120 (0.0%),0.0,1.0,1.0,1.0,0.0,-0.0,-0.0
GO:0006284,0/120 (0.0%),0/120 (0.0%),0.0,1.0,1.0,1.0,0.0,-0.0,-0.0
GO:0048013,0/120 (0.0%),0/120 (0.0%),0.0,1.0,1.0,1.0,0.0,-0.0,-0.0
GO:0030162,0/120 (0.0%),0/120 (0.0%),0.0,1.0,1.0,1.0,0.0,-0.0,-0.0
GO:0034063,0/120 (0.0%),0/120 (0.0%),0.0,1.0,1.0,1.0,0.0,-0.0,-0.0
GO:0006751,0/120 (0.0%),0/120 (0.0%),0.0,1.0,1.0,1.0,0.0,-0.0,-0.0
GO:0006817,0/120 (0.0%),0/120 (0.0%),0.0,1.0,1.0,1.0,0.0,-0.0,-0.0
GO:0030335,0/120 (0.0%),0/120 (0.0%),0.0,1.0,1.0,1.0,0.0,-0.0,-0.0
GO:0034599,0/120 (0.0%),0/120 (0.0%),0.0,1.0,1.0,1.0,0.0,-0.0,-0.0
GO:0005978,0/120 (0.0%),0/120 (0.0%),0.0,1.0,1.0,1.0,0.0,-0.0,-0.0
GO:0006048,0/120 (0.0%),0/120 (0.0%),0.0,1.0,1.0,1.0,0.0,-0.0,-0.0
GO:1904778,0/120 (0.0%),0/120 (0.0%),0.0,1.0,1.0,1.0,0.0,-0.0,-0.0
GO:0001709,0/120 (0.0%),0/120 (0.0%),0.0,1.0,1.0,1.0,0.0,-0.0,-0.0
GO:0009083,0/120 (0.0%),0/120 (0.0%),0.0,1.0,1.0,1.0,0.0,-0.0,-0.0
GO:0009117,0/120 (0.0%),0/120 (0.0%),0.0,1.0,1.0,1.0,0.0,-0.0,-0.0
GO:0009395,0/120 (0.0%),0/120 (0.0%),0.0,1.0,1.0,1.0,0.0,-0.0,-0.0
GO:0045977,0/120 (0.0%),0/120 (0.0%),0.0,1.0,1.0,1.0,0.0,-0.0,-0.0
GO:0001510,0/120 (0.0%),0/120 (0.0%),0.0,1.0,1.0,1.0,0.0,-0.0,-0.0
GO:0031987,0/120 (0.0%),0/120 (0.0%),0.0,1.0,1.0,1.0,0.0,-0.0,-0.0
GO:0032418,0/120 (0.0%),0/120 (0.0%),0.0,1.0,1.0,1.0,0.0,-0.0,-0.0
GO:0032465,0/120 (0.0%),0/120 (0.0%),0.0,1.0,1.0,1.0,0.0,-0.0,-0.0
GO:0006535,0/120 (0.0%),0/120 (0.0%),0.0,1.0,1.0,1.0,0.0,-0.0,-0.0
GO:0030514,0/120 (0.0%),0/120 (0.0%),0.0,1.0,1.0,1.0,0.0,-0.0,-0.0
GO:0032958,0/120 (0.0%),0/120 (0.0%),0.0,1.0,1.0,1.0,0.0,-0.0,-0.0
GO:1901029,0/120 (0.0%),0/120 (0.0%),0.0,1.0,1.0,1.0,0.0,-0.0,-0.0
GO:1902075,0/120 (0.0%),0/120 (0.0%),0.0,1.0,1.0,1.0,0.0,-0.0,-0.0
GO:0001731,0/120 (0.0%),0/120 (0.0%),0.0,1.0,1.0,1.0,0.0,-0.0,-0.0
GO:0000027,0/120 (0.0%),0/120 (0.0%),0.0,1.0,1.0,1.0,0.0,-0.0,-0.0
GO:0000086,0/120 (0.0%),0/120 (0.0%),0.0,1.0,1.0,1.0,0.0,-0.0,-0.0
GO:1904810,0/120 (0.0%),0/120 (0.0%),0.0,1.0,1.0,1.0,0.0,-0.0,-0.0
GO:0000288,0/120 (0.0%),0/120 (0.0%),0.0,1.0,1.0,1.0,0.0,-0.0,-0.0
GO:0000280,0/120 (0.0%),0/120 (0.0%),0.0,1.0,1.0,1.0,0.0,-0.0,-0.0
GO:0045989,0/120 (0.0%),0/120 (0.0%),0.0,1.0,1.0,1.0,0.0,-0.0,-0.0
GO:1990169,0/120 (0.0%),0/120 (0.0%),0.0,1.0,1.0,1.0,0.0,-0.0,-0.0
GO:1905808,0/120 (0.0%),0/120 (0.0%),0.0,1.0,1.0,1.0,0.0,-0.0,-0.0
GO:0009165,0/120 (0.0%),0/120 (0.0%),0.0,1.0,1.0,1.0,0.0,-0.0,-0.0
GO:0009060,0/120 (0.0%),0/120 (0.0%),0.0,1.0,1.0,1.0,0.0,-0.0,-0.0
GO:0006308,0/120 (0.0%),0/120 (0.0%),0.0,1.0,1.0,1.0,0.0,-0.0,-0.0
GO:1905342,0/120 (0.0%),0/120 (0.0%),0.0,1.0,1.0,1.0,0.0,-0.0,-0.0
GO:1905803,0/120 (0.0%),0/120 (0.0%),0.0,1.0,1.0,1.0,0.0,-0.0,-0.0
GO:1904731,0/120 (0.0%),0/120 (0.0%),0.0,1.0,1.0,1.0,0.0,-0.0,-0.0
GO:1904757,0/120 (0.0%),0/120 (0.0%),0.0,1.0,1.0,1.0,0.0,-0.0,-0.0
GO:0010824,0/120 (0.0%),0/120 (0.0%),0.0,1.0,1.0,1.0,0.0,-0.0,-0.0
GO:0010557,0/120 (0.0%),0/120 (0.0%),0.0,1.0,1.0,1.0,0.0,-0.0,-0.0
GO:0010507,0/120 (0.0%),0/120 (0.0%),0.0,1.0,1.0,1.0,0.0,-0.0,-0.0
GO:0032486,0/120 (0.0%),0/120 (0.0%),0.0,1.0,1.0,1.0,0.0,-0.0,-0.0
GO:0006790,0/120 (0.0%),0/120 (0.0%),0.0,1.0,1.0,1.0,0.0,-0.0,-0.0
GO:0032026,0/120 (0.0%),0/120 (0.0%),0.0,1.0,1.0,1.0,0.0,-0.0,-0.0
GO:0032006,0/120 (0.0%),0/120 (0.0%),0.0,1.0,1.0,1.0,0.0,-0.0,-0.0
GO:0031054,0/120 (0.0%),0/120 (0.0%),0.0,1.0,1.0,1.0,0.0,-0.0,-0.0
GO:0048280,0/120 (0.0%),0/120 (0.0%),0.0,1.0,1.0,1.0,0.0,-0.0,-0.0
GO:0045842,0/120 (0.0%),0/120 (0.0%),0.0,1.0,1.0,1.0,0.0,-0.0,-0.0
GO:0045807,0/120 (0.0%),0/120 (0.0%),0.0,1.0,1.0,1.0,0.0,-0.0,-0.0
GO:0045773,0/120 (0.0%),0/120 (0.0%),0.0,1.0,1.0,1.0,0.0,-0.0,-0.0
GO:0045324,0/120 (0.0%),0/120 (0.0%),0.0,1.0,1.0,1.0,0.0,-0.0,-0.0
GO:1901137,0/120 (0.0%),0/120 (0.0%),0.0,1.0,1.0,1.0,0.0,-0.0,-0.0
GO:1900195,0/120 (0.0%),0/120 (0.0%),0.0,1.0,1.0,1.0,0.0,-0.0,-0.0
GO:1900181,0/120 (0.0%),0/120 (0.0%),0.0,1.0,1.0,1.0,0.0,-0.0,-0.0
GO:0043162,0/120 (0.0%),0/120 (0.0%),0.0,1.0,1.0,1.0,0.0,-0.0,-0.0
GO:0006607,0/120 (0.0%),0/120 (0.0%),0.0,1.0,1.0,1.0,0.0,-0.0,-0.0
GO:0006596,0/120 (0.0%),0/120 (0.0%),0.0,1.0,1.0,1.0,0.0,-0.0,-0.0
GO:0141162,0/120 (0.0%),0/120 (0.0%),0.0,1.0,1.0,1.0,0.0,-0.0,-0.0
GO:0140300,0/120 (0.0%),0/120 (0.0%),0.0,1.0,1.0,1.0,0.0,-0.0,-0.0
GO:0030307,0/120 (0.0%),0/120 (0.0%),0.0,1.0,1.0,1.0,0.0,-0.0,-0.0
GO:0032509,0/120 (0.0%),0/120 (0.0%),0.0,1.0,1.0,1.0,0.0,-0.0,-0.0
GO:0006279,0/120 (0.0%),0/120 (0.0%),0.0,1.0,1.0,1.0,0.0,-0.0,-0.0
GO:0006271,0/120 (0.0%),0/120 (0.0%),0.0,1.0,1.0,1.0,0.0,-0.0,-0.0
GO:0046928,0/120 (0.0%),0/120 (0.0%),0.0,1.0,1.0,1.0,0.0,-0.0,-0.0
GO:0046839,0/120 (0.0%),0/120 (0.0%),0.0,1.0,1.0,1.0,0.0,-0.0,-0.0
GO:0010212,0/120 (0.0%),0/120 (0.0%),0.0,1.0,1.0,1.0,0.0,-0.0,-0.0
GO:0010085,0/120 (0.0%),0/120 (0.0%),0.0,1.0,1.0,1.0,0.0,-0.0,-0.0
GO:0010032,0/120 (0.0%),0/120 (0.0%),0.0,1.0,1.0,1.0,0.0,-0.0,-0.0
GO:0010826,0/120 (0.0%),0/120 (0.0%),0.0,1.0,1.0,1.0,0.0,-0.0,-0.0
GO:0010975,0/120 (0.0%),0/120 (0.0%),0.0,1.0,1.0,1.0,0.0,-0.0,-0.0
GO:0034585,0/120 (0.0%),0/120 (0.0%),0.0,1.0,1.0,1.0,0.0,-0.0,-0.0
GO:0097237,0/120 (0.0%),0/120 (0.0%),0.0,1.0,1.0,1.0,0.0,-0.0,-0.0
GO:0097194,0/120 (0.0%),0/120 (0.0%),0.0,1.0,1.0,1.0,0.0,-0.0,-0.0
GO:0006680,0/120 (0.0%),0/120 (0.0%),0.0,1.0,1.0,1.0,0.0,-0.0,-0.0
GO:0033962,0/120 (0.0%),0/120 (0.0%),0.0,1.0,1.0,1.0,0.0,-0.0,-0.0
GO:0030178,0/120 (0.0%),0/120 (0.0%),0.0,1.0,1.0,1.0,0.0,-0.0,-0.0
GO:0030100,0/120 (0.0%),0/120 (0.0%),0.0,1.0,1.0,1.0,0.0,-0.0,-0.0
GO:0033539,0/120 (0.0%),0/120 (0.0%),0.0,1.0,1.0,1.0,0.0,-0.0,-0.0
GO:0048613,0/120 (0.0%),0/120 (0.0%),0.0,1.0,1.0,1.0,0.0,-0.0,-0.0
GO:0048284,0/120 (0.0%),0/120 (0.0%),0.0,1.0,1.0,1.0,0.0,-0.0,-0.0
GO:0050714,0/120 (0.0%),0/120 (0.0%),0.0,1.0,1.0,1.0,0.0,-0.0,-0.0
GO:0044281,0/120 (0.0%),0/120 (0.0%),0.0,1.0,1.0,1.0,0.0,-0.0,-0.0
GO:0043328,0/120 (0.0%),0/120 (0.0%),0.0,1.0,1.0,1.0,0.0,-0.0,-0.0
GO:0043266,0/120 (0.0%),0/120 (0.0%),0.0,1.0,1.0,1.0,0.0,-0.0,-0.0
GO:0043248,0/120 (0.0%),0/120 (0.0%),0.0,1.0,1.0,1.0,0.0,-0.0,-0.0
GO:0042632,0/120 (0.0%),0/120 (0.0%),0.0,1.0,1.0,1.0,0.0,-0.0,-0.0
GO:0051209,0/120 (0.0%),0/120 (0.0%),0.0,1.0,1.0,1.0,0.0,-0.0,-0.0
GO:0022904,0/120 (0.0%),0/120 (0.0%),0.0,1.0,1.0,1.0,0.0,-0.0,-0.0
GO:0022604,0/120 (0.0%),0/120 (0.0%),0.0,1.0,1.0,1.0,0.0,-0.0,-0.0
GO:0019934,0/120 (0.0%),0/120 (0.0%),0.0,1.0,1.0,1.0,0.0,-0.0,-0.0
GO:0097272,0/120 (0.0%),0/120 (0.0%),0.0,1.0,1.0,1.0,0.0,-0.0,-0.0
GO:0097240,0/120 (0.0%),0/120 (0.0%),0.0,1.0,1.0,1.0,0.0,-0.0,-0.0
GO:0006066,0/120 (0.0%),0/120 (0.0%),0.0,1.0,1.0,1.0,0.0,-0.0,-0.0
GO:0005991,0/120 (0.0%),0/120 (0.0%),0.0,1.0,1.0,1.0,0.0,-0.0,-0.0
GO:0007611,0/120 (0.0%),0/120 (0.0%),0.0,1.0,1.0,1.0,0.0,-0.0,-0.0
GO:0008584,0/120 (0.0%),0/120 (0.0%),0.0,1.0,1.0,1.0,0.0,-0.0,-0.0
GO:0008543,0/120 (0.0%),0/120 (0.0%),0.0,1.0,1.0,1.0,0.0,-0.0,-0.0
GO:0007389,0/120 (0.0%),0/120 (0.0%),0.0,1.0,1.0,1.0,0.0,-0.0,-0.0
GO:0043087,0/120 (0.0%),0/120 (0.0%),0.0,1.0,1.0,1.0,0.0,-0.0,-0.0
GO:0015804,0/120 (0.0%),0/120 (0.0%),0.0,1.0,1.0,1.0,0.0,-0.0,-0.0
GO:0035023,0/120 (0.0%),0/120 (0.0%),0.0,1.0,1.0,1.0,0.0,-0.0,-0.0
GO:0034755,0/120 (0.0%),0/120 (0.0%),0.0,1.0,1.0,1.0,0.0,-0.0,-0.0
GO:0070475,0/120 (0.0%),0/120 (0.0%),0.0,1.0,1.0,1.0,0.0,-0.0,-0.0
GO:0019433,0/120 (0.0%),0/120 (0.0%),0.0,1.0,1.0,1.0,0.0,-0.0,-0.0
GO:0072488,0/120 (0.0%),0/120 (0.0%),0.0,1.0,1.0,1.0,0.0,-0.0,-0.0
GO:0006446,0/120 (0.0%),0/120 (0.0%),0.0,1.0,1.0,1.0,0.0,-0.0,-0.0
GO:0006415,0/120 (0.0%),0/120 (0.0%),0.0,1.0,1.0,1.0,0.0,-0.0,-0.0
GO:0072344,0/120 (0.0%),0/120 (0.0%),0.0,1.0,1.0,1.0,0.0,-0.0,-0.0
GO:0071688,0/120 (0.0%),0/120 (0.0%),0.0,1.0,1.0,1.0,0.0,-0.0,-0.0
GO:0071277,0/120 (0.0%),0/120 (0.0%),0.0,1.0,1.0,1.0,0.0,-0.0,-0.0
GO:0071244,0/120 (0.0%),0/120 (0.0%),0.0,1.0,1.0,1.0,0.0,-0.0,-0.0
GO:0006904,0/120 (0.0%),0/120 (0.0%),0.0,1.0,1.0,1.0,0.0,-0.0,-0.0
GO:0090327,0/120 (0.0%),0/120 (0.0%),0.0,1.0,1.0,1.0,0.0,-0.0,-0.0
GO:0006098,0/120 (0.0%),0/120 (0.0%),0.0,1.0,1.0,1.0,0.0,-0.0,-0.0
GO:0043001,0/120 (0.0%),0/120 (0.0%),0.0,1.0,1.0,1.0,0.0,-0.0,-0.0
GO:0042771,0/120 (0.0%),0/120 (0.0%),0.0,1.0,1.0,1.0,0.0,-0.0,-0.0
GO:0015937,0/120 (0.0%),0/120 (0.0%),0.0,1.0,1.0,1.0,0.0,-0.0,-0.0
GO:0018279,0/120 (0.0%),0/120 (0.0%),0.0,1.0,1.0,1.0,0.0,-0.0,-0.0
GO:0017183,0/120 (0.0%),0/120 (0.0%),0.0,1.0,1.0,1.0,0.0,-0.0,-0.0
GO:0061062,0/120 (0.0%),0/120 (0.0%),0.0,1.0,1.0,1.0,0.0,-0.0,-0.0
GO:0006900,0/120 (0.0%),0/120 (0.0%),0.0,1.0,1.0,1.0,0.0,-0.0,-0.0
GO:0071168,0/120 (0.0%),0/120 (0.0%),0.0,1.0,1.0,1.0,0.0,-0.0,-0.0
GO:0071051,0/120 (0.0%),0/120 (0.0%),0.0,1.0,1.0,1.0,0.0,-0.0,-0.0
GO:0071038,0/120 (0.0%),0/120 (0.0%),0.0,1.0,1.0,1.0,0.0,-0.0,-0.0
GO:0071035,0/120 (0.0%),0/120 (0.0%),0.0,1.0,1.0,1.0,0.0,-0.0,-0.0
GO:0051129,0/120 (0.0%),0/120 (0.0%),0.0,1.0,1.0,1.0,0.0,-0.0,-0.0
GO:0051056,0/120 (0.0%),0/120 (0.0%),0.0,1.0,1.0,1.0,0.0,-0.0,-0.0
GO:0006360,0/120 (0.0%),0/120 (0.0%),0.0,1.0,1.0,1.0,0.0,-0.0,-0.0
GO:0006337,0/120 (0.0%),0/120 (0.0%),0.0,1.0,1.0,1.0,0.0,-0.0,-0.0
GO:0051693,0/120 (0.0%),0/120 (0.0%),0.0,1.0,1.0,1.0,0.0,-0.0,-0.0
GO:0007130,0/120 (0.0%),0/120 (0.0%),0.0,1.0,1.0,1.0,0.0,-0.0,-0.0
GO:0007099,0/120 (0.0%),0/120 (0.0%),0.0,1.0,1.0,1.0,0.0,-0.0,-0.0
GO:0000425,0/120 (0.0%),0/120 (0.0%),0.0,1.0,1.0,1.0,0.0,-0.0,-0.0
GO:0042001,0/120 (0.0%),0/120 (0.0%),0.0,1.0,1.0,1.0,0.0,-0.0,-0.0
GO:0006119,0/120 (0.0%),0/120 (0.0%),0.0,1.0,1.0,1.0,0.0,-0.0,-0.0
GO:0006107,0/120 (0.0%),0/120 (0.0%),0.0,1.0,1.0,1.0,0.0,-0.0,-0.0
GO:0007079,0/120 (0.0%),0/120 (0.0%),0.0,1.0,1.0,1.0,0.0,-0.0,-0.0
GO:0007021,0/120 (0.0%),0/120 (0.0%),0.0,1.0,1.0,1.0,0.0,-0.0,-0.0
GO:0006995,0/120 (0.0%),0/120 (0.0%),0.0,1.0,1.0,1.0,0.0,-0.0,-0.0
GO:0065003,0/120 (0.0%),0/120 (0.0%),0.0,1.0,1.0,1.0,0.0,-0.0,-0.0
GO:0019430,0/120 (0.0%),0/120 (0.0%),0.0,1.0,1.0,1.0,0.0,-0.0,-0.0
GO:0019236,0/120 (0.0%),0/120 (0.0%),0.0,1.0,1.0,1.0,0.0,-0.0,-0.0
GO:0018992,0/120 (0.0%),0/120 (0.0%),0.0,1.0,1.0,1.0,0.0,-0.0,-0.0
GO:0007269,0/120 (0.0%),0/120 (0.0%),0.0,1.0,1.0,1.0,0.0,-0.0,-0.0
GO:0051966,0/120 (0.0%),0/120 (0.0%),0.0,1.0,1.0,1.0,0.0,-0.0,-0.0
GO:0016082,0/120 (0.0%),0/120 (0.0%),0.0,1.0,1.0,1.0,0.0,-0.0,-0.0
GO:0016071,0/120 (0.0%),0/120 (0.0%),0.0,1.0,1.0,1.0,0.0,-0.0,-0.0
GO:0016024,0/120 (0.0%),0/120 (0.0%),0.0,1.0,1.0,1.0,0.0,-0.0,-0.0
GO:1903745,0/120 (0.0%),0/120 (0.0%),0.0,1.0,1.0,1.0,0.0,-0.0,-0.0
GO:1903539,0/120 (0.0%),0/120 (0.0%),0.0,1.0,1.0,1.0,0.0,-0.0,-0.0
GO:1903436,0/120 (0.0%),0/120 (0.0%),0.0,1.0,1.0,1.0,0.0,-0.0,-0.0
GO:0046512,0/120 (0.0%),0/120 (0.0%),0.0,1.0,1.0,1.0,0.0,-0.0,-0.0
GO:0046314,0/120 (0.0%),0/120 (0.0%),0.0,1.0,1.0,1.0,0.0,-0.0,-0.0
GO:0009437,0/120 (0.0%),0/120 (0.0%),0.0,1.0,1.0,1.0,0.0,-0.0,-0.0
GO:0006102,0/120 (0.0%),0/120 (0.0%),0.0,1.0,1.0,1.0,0.0,-0.0,-0.0
GO:0016203,0/120 (0.0%),0/120 (0.0%),0.0,1.0,1.0,1.0,0.0,-0.0,-0.0
GO:0006388,0/120 (0.0%),0/120 (0.0%),0.0,1.0,1.0,1.0,0.0,-0.0,-0.0
GO:0060471,0/120 (0.0%),0/120 (0.0%),0.0,1.0,1.0,1.0,0.0,-0.0,-0.0
GO:0016239,0/120 (0.0%),0/120 (0.0%),0.0,1.0,1.0,1.0,0.0,-0.0,-0.0
GO:0006189,0/120 (0.0%),0/120 (0.0%),0.0,1.0,1.0,1.0,0.0,-0.0,-0.0
GO:0001956,0/120 (0.0%),0/120 (0.0%),0.0,1.0,1.0,1.0,0.0,-0.0,-0.0
GO:0015886,0/120 (0.0%),0/120 (0.0%),0.0,1.0,1.0,1.0,0.0,-0.0,-0.0
GO:0042144,0/120 (0.0%),0/120 (0.0%),0.0,1.0,1.0,1.0,0.0,-0.0,-0.0
GO:0042074,0/120 (0.0%),0/120 (0.0%),0.0,1.0,1.0,1.0,0.0,-0.0,-0.0
GO:0030539,0/120 (0.0%),0/120 (0.0%),0.0,1.0,1.0,1.0,0.0,-0.0,-0.0
GO:0030838,0/120 (0.0%),0/120 (0.0%),0.0,1.0,1.0,1.0,0.0,-0.0,-0.0
GO:0030855,0/120 (0.0%),0/120 (0.0%),0.0,1.0,1.0,1.0,0.0,-0.0,-0.0
GO:0030865,0/120 (0.0%),0/120 (0.0%),0.0,1.0,1.0,1.0,0.0,-0.0,-0.0
GO:1903394,0/120 (0.0%),0/120 (0.0%),0.0,1.0,1.0,1.0,0.0,-0.0,-0.0
GO:0001682,0/120 (0.0%),0/120 (0.0%),0.0,1.0,1.0,1.0,0.0,-0.0,-0.0
GO:0006627,0/120 (0.0%),0/120 (0.0%),0.0,1.0,1.0,1.0,0.0,-0.0,-0.0
GO:2000648,0/120 (0.0%),0/120 (0.0%),0.0,1.0,1.0,1.0,0.0,-0.0,-0.0
GO:0031023,0/120 (0.0%),0/120 (0.0%),0.0,1.0,1.0,1.0,0.0,-0.0,-0.0
GO:0030997,0/120 (0.0%),0/120 (0.0%),0.0,1.0,1.0,1.0,0.0,-0.0,-0.0
GO:0030590,0/120 (0.0%),0/120 (0.0%),0.0,1.0,1.0,1.0,0.0,-0.0,-0.0
GO:0030512,0/120 (0.0%),0/120 (0.0%),0.0,1.0,1.0,1.0,0.0,-0.0,-0.0
GO:0031115,0/120 (0.0%),0/120 (0.0%),0.0,1.0,1.0,1.0,0.0,-0.0,-0.0
GO:1904014,0/120 (0.0%),0/120 (0.0%),0.0,1.0,1.0,1.0,0.0,-0.0,-0.0
GO:1903746,0/120 (0.0%),0/120 (0.0%),0.0,1.0,1.0,1.0,0.0,-0.0,-0.0
GO:0016255,0/120 (0.0%),0/120 (0.0%),0.0,1.0,1.0,1.0,0.0,-0.0,-0.0
GO:0016559,0/120 (0.0%),0/120 (0.0%),0.0,1.0,1.0,1.0,0.0,-0.0,-0.0
GO:0006370,0/120 (0.0%),0/120 (0.0%),0.0,1.0,1.0,1.0,0.0,-0.0,-0.0
GO:0006398,0/120 (0.0%),0/120 (0.0%),0.0,1.0,1.0,1.0,0.0,-0.0,-0.0
GO:0040021,0/120 (0.0%),0/120 (0.0%),0.0,1.0,1.0,1.0,0.0,-0.0,-0.0
GO:0045995,0/120 (0.0%),0/120 (0.0%),0.0,1.0,1.0,1.0,0.0,-0.0,-0.0
GO:0046033,0/120 (0.0%),0/120 (0.0%),0.0,1.0,1.0,1.0,0.0,-0.0,-0.0
GO:0009581,0/120 (0.0%),0/120 (0.0%),0.0,1.0,1.0,1.0,0.0,-0.0,-0.0
GO:0009582,0/120 (0.0%),0/120 (0.0%),0.0,1.0,1.0,1.0,0.0,-0.0,-0.0
GO:0009584,0/120 (0.0%),0/120 (0.0%),0.0,1.0,1.0,1.0,0.0,-0.0,-0.0
GO:0009611,0/120 (0.0%),0/120 (0.0%),0.0,1.0,1.0,1.0,0.0,-0.0,-0.0
GO:0001172,0/120 (0.0%),0/120 (0.0%),0.0,1.0,1.0,1.0,0.0,-0.0,-0.0
GO:1903859,0/120 (0.0%),0/120 (0.0%),0.0,1.0,1.0,1.0,0.0,-0.0,-0.0
GO:0030513,0/120 (0.0%),0/120 (0.0%),0.0,1.0,1.0,1.0,0.0,-0.0,-0.0
GO:0030517,0/120 (0.0%),0/120 (0.0%),0.0,1.0,1.0,1.0,0.0,-0.0,-0.0
GO:0007041,0/120 (0.0%),0/120 (0.0%),0.0,1.0,1.0,1.0,0.0,-0.0,-0.0
GO:0007042,0/120 (0.0%),0/120 (0.0%),0.0,1.0,1.0,1.0,0.0,-0.0,-0.0
GO:0000915,0/120 (0.0%),0/120 (0.0%),0.0,1.0,1.0,1.0,0.0,-0.0,-0.0
GO:0040009,0/120 (0.0%),0/120 (0.0%),0.0,1.0,1.0,1.0,0.0,-0.0,-0.0
GO:0006121,0/120 (0.0%),0/120 (0.0%),0.0,1.0,1.0,1.0,0.0,-0.0,-0.0
GO:0006166,0/120 (0.0%),0/120 (0.0%),0.0,1.0,1.0,1.0,0.0,-0.0,-0.0
GO:0006171,0/120 (0.0%),0/120 (0.0%),0.0,1.0,1.0,1.0,0.0,-0.0,-0.0
GO:0055091,0/120 (0.0%),0/120 (0.0%),0.0,1.0,1.0,1.0,0.0,-0.0,-0.0
GO:0000447,0/120 (0.0%),0/120 (0.0%),0.0,1.0,1.0,1.0,0.0,-0.0,-0.0
GO:0000492,0/120 (0.0%),0/120 (0.0%),0.0,1.0,1.0,1.0,0.0,-0.0,-0.0
GO:0051793,0/120 (0.0%),0/120 (0.0%),0.0,1.0,1.0,1.0,0.0,-0.0,-0.0
GO:0051865,0/120 (0.0%),0/120 (0.0%),0.0,1.0,1.0,1.0,0.0,-0.0,-0.0
GO:0015908,0/120 (0.0%),0/120 (0.0%),0.0,1.0,1.0,1.0,0.0,-0.0,-0.0
GO:0001778,0/120 (0.0%),0/120 (0.0%),0.0,1.0,1.0,1.0,0.0,-0.0,-0.0
GO:0001963,0/120 (0.0%),0/120 (0.0%),0.0,1.0,1.0,1.0,0.0,-0.0,-0.0
GO:0001973,0/120 (0.0%),0/120 (0.0%),0.0,1.0,1.0,1.0,0.0,-0.0,-0.0
GO:0061760,0/120 (0.0%),0/120 (0.0%),0.0,1.0,1.0,1.0,0.0,-0.0,-0.0
GO:0015910,0/120 (0.0%),0/120 (0.0%),0.0,1.0,1.0,1.0,0.0,-0.0,-0.0
GO:0016125,0/120 (0.0%),0/120 (0.0%),0.0,1.0,1.0,1.0,0.0,-0.0,-0.0
GO:0051984,0/120 (0.0%),0/120 (0.0%),0.0,1.0,1.0,1.0,0.0,-0.0,-0.0
GO:0007080,0/120 (0.0%),0/120 (0.0%),0.0,1.0,1.0,1.0,0.0,-0.0,-0.0
GO:0042797,0/120 (0.0%),0/120 (0.0%),0.0,1.0,1.0,1.0,0.0,-0.0,-0.0
GO:0051295,0/120 (0.0%),0/120 (0.0%),0.0,1.0,1.0,1.0,0.0,-0.0,-0.0
GO:0051296,0/120 (0.0%),0/120 (0.0%),0.0,1.0,1.0,1.0,0.0,-0.0,-0.0
GO:0007196,0/120 (0.0%),0/120 (0.0%),0.0,1.0,1.0,1.0,0.0,-0.0,-0.0
GO:0007216,0/120 (0.0%),0/120 (0.0%),0.0,1.0,1.0,1.0,0.0,-0.0,-0.0
GO:0019318,0/120 (0.0%),0/120 (0.0%),0.0,1.0,1.0,1.0,0.0,-0.0,-0.0
GO:0036297,0/120 (0.0%),0/120 (0.0%),0.0,1.0,1.0,1.0,0.0,-0.0,-0.0
GO:0006999,0/120 (0.0%),0/120 (0.0%),0.0,1.0,1.0,1.0,0.0,-0.0,-0.0
GO:0007023,0/120 (0.0%),0/120 (0.0%),0.0,1.0,1.0,1.0,0.0,-0.0,-0.0
GO:0051402,0/120 (0.0%),0/120 (0.0%),0.0,1.0,1.0,1.0,0.0,-0.0,-0.0
GO:0051446,0/120 (0.0%),0/120 (0.0%),0.0,1.0,1.0,1.0,0.0,-0.0,-0.0
GO:0051457,0/120 (0.0%),0/120 (0.0%),0.0,1.0,1.0,1.0,0.0,-0.0,-0.0
GO:0051560,0/120 (0.0%),0/120 (0.0%),0.0,1.0,1.0,1.0,0.0,-0.0,-0.0
GO:0051647,0/120 (0.0%),0/120 (0.0%),0.0,1.0,1.0,1.0,0.0,-0.0,-0.0
GO:0051653,0/120 (0.0%),0/120 (0.0%),0.0,1.0,1.0,1.0,0.0,-0.0,-0.0
GO:0051729,0/120 (0.0%),0/120 (0.0%),0.0,1.0,1.0,1.0,0.0,-0.0,-0.0
GO:0006335,0/120 (0.0%),0/120 (0.0%),0.0,1.0,1.0,1.0,0.0,-0.0,-0.0
GO:0051156,0/120 (0.0%),0/120 (0.0%),0.0,1.0,1.0,1.0,0.0,-0.0,-0.0
GO:0035329,0/120 (0.0%),0/120 (0.0%),0.0,1.0,1.0,1.0,0.0,-0.0,-0.0
GO:0035567,0/120 (0.0%),0/120 (0.0%),0.0,1.0,1.0,1.0,0.0,-0.0,-0.0
GO:0035999,0/120 (0.0%),0/120 (0.0%),0.0,1.0,1.0,1.0,0.0,-0.0,-0.0
GO:0017157,0/120 (0.0%),0/120 (0.0%),0.0,1.0,1.0,1.0,0.0,-0.0,-0.0
GO:0006896,0/120 (0.0%),0/120 (0.0%),0.0,1.0,1.0,1.0,0.0,-0.0,-0.0
GO:0060828,0/120 (0.0%),0/120 (0.0%),0.0,1.0,1.0,1.0,0.0,-0.0,-0.0
GO:0061061,0/120 (0.0%),0/120 (0.0%),0.0,1.0,1.0,1.0,0.0,-0.0,-0.0
GO:1902476,0/120 (0.0%),0/120 (0.0%),0.0,1.0,1.0,1.0,0.0,-0.0,-0.0
GO:0000398,0/120 (0.0%),0/120 (0.0%),0.0,1.0,1.0,1.0,0.0,-0.0,-0.0
GO:0008380,0/120 (0.0%),0/120 (0.0%),0.0,1.0,1.0,1.0,0.0,-0.0,-0.0
GO:0006470,0/120 (0.0%),0/120 (0.0%),0.0,1.0,1.0,1.0,0.0,-0.0,-0.0
GO:0006511,0/120 (0.0%),0/120 (0.0%),0.0,1.0,1.0,1.0,0.0,-0.0,-0.0
GO:0036498,0/120 (0.0%),0/120 (0.0%),0.0,1.0,1.0,1.0,0.0,-0.0,-0.0
GO:0006631,0/120 (0.0%),0/120 (0.0%),0.0,1.0,1.0,1.0,0.0,-0.0,-0.0
GO:0006338,0/120 (0.0%),0/120 (0.0%),0.0,1.0,1.0,1.0,0.0,-0.0,-0.0
GO:0050829,0/120 (0.0%),0/120 (0.0%),0.0,1.0,1.0,1.0,0.0,-0.0,-0.0
GO:0000122,0/120 (0.0%),0/120 (0.0%),0.0,1.0,1.0,1.0,0.0,-0.0,-0.0
GO:0072657,0/120 (0.0%),0/120 (0.0%),0.0,1.0,1.0,1.0,0.0,-0.0,-0.0
GO:0090141,0/120 (0.0%),0/120 (0.0%),0.0,1.0,1.0,1.0,0.0,-0.0,-0.0
GO:0090314,0/120 (0.0%),0/120 (0.0%),0.0,1.0,1.0,1.0,0.0,-0.0,-0.0
GO:0097035,0/120 (0.0%),0/120 (0.0%),0.0,1.0,1.0,1.0,0.0,-0.0,-0.0
GO:0097112,0/120 (0.0%),0/120 (0.0%),0.0,1.0,1.0,1.0,0.0,-0.0,-0.0
GO:0071422,0/120 (0.0%),0/120 (0.0%),0.0,1.0,1.0,1.0,0.0,-0.0,-0.0
GO:0071482,0/120 (0.0%),0/120 (0.0%),0.0,1.0,1.0,1.0,0.0,-0.0,-0.0
GO:0071689,0/120 (0.0%),0/120 (0.0%),0.0,1.0,1.0,1.0,0.0,-0.0,-0.0
GO:0071709,0/120 (0.0%),0/120 (0.0%),0.0,1.0,1.0,1.0,0.0,-0.0,-0.0
GO:0006826,0/120 (0.0%),0/120 (0.0%),0.0,1.0,1.0,1.0,0.0,-0.0,-0.0
GO:0006851,0/120 (0.0%),0/120 (0.0%),0.0,1.0,1.0,1.0,0.0,-0.0,-0.0
GO:0070125,0/120 (0.0%),0/120 (0.0%),0.0,1.0,1.0,1.0,0.0,-0.0,-0.0
GO:0035196,0/120 (0.0%),0/120 (0.0%),0.0,1.0,1.0,1.0,0.0,-0.0,-0.0
GO:0019543,0/120 (0.0%),0/120 (0.0%),0.0,1.0,1.0,1.0,0.0,-0.0,-0.0
GO:0051240,0/120 (0.0%),0/120 (0.0%),0.0,1.0,1.0,1.0,0.0,-0.0,-0.0
GO:0042256,0/120 (0.0%),0/120 (0.0%),0.0,1.0,1.0,1.0,0.0,-0.0,-0.0
GO:0042276,0/120 (0.0%),0/120 (0.0%),0.0,1.0,1.0,1.0,0.0,-0.0,-0.0
GO:0042303,0/120 (0.0%),0/120 (0.0%),0.0,1.0,1.0,1.0,0.0,-0.0,-0.0
GO:0042330,0/120 (0.0%),0/120 (0.0%),0.0,1.0,1.0,1.0,0.0,-0.0,-0.0
GO:0042407,0/120 (0.0%),0/120 (0.0%),0.0,1.0,1.0,1.0,0.0,-0.0,-0.0
GO:0042760,0/120 (0.0%),0/120 (0.0%),0.0,1.0,1.0,1.0,0.0,-0.0,-0.0
GO:0050770,0/120 (0.0%),0/120 (0.0%),0.0,1.0,1.0,1.0,0.0,-0.0,-0.0
GO:0007492,0/120 (0.0%),0/120 (0.0%),0.0,1.0,1.0,1.0,0.0,-0.0,-0.0
GO:0050891,0/120 (0.0%),0/120 (0.0%),0.0,1.0,1.0,1.0,0.0,-0.0,-0.0
GO:0050909,0/120 (0.0%),0/120 (0.0%),0.0,1.0,1.0,1.0,0.0,-0.0,-0.0
GO:0051014,0/120 (0.0%),0/120 (0.0%),0.0,1.0,1.0,1.0,0.0,-0.0,-0.0
GO:0023051,0/120 (0.0%),0/120 (0.0%),0.0,1.0,1.0,1.0,0.0,-0.0,-0.0
GO:0034607,0/120 (0.0%),0/120 (0.0%),0.0,1.0,1.0,1.0,0.0,-0.0,-0.0
GO:0034330,0/120 (0.0%),0/120 (0.0%),0.0,1.0,1.0,1.0,0.0,-0.0,-0.0
GO:0010884,0/120 (0.0%),0/120 (0.0%),0.0,1.0,1.0,1.0,0.0,-0.0,-0.0
GO:0015793,0/120 (0.0%),0/120 (0.0%),0.0,1.0,1.0,1.0,0.0,-0.0,-0.0
GO:0051046,0/120 (0.0%),0/120 (0.0%),0.0,1.0,1.0,1.0,0.0,-0.0,-0.0
GO:0008585,0/120 (0.0%),0/120 (0.0%),0.0,1.0,1.0,1.0,0.0,-0.0,-0.0
GO:0008089,0/120 (0.0%),0/120 (0.0%),0.0,1.0,1.0,1.0,0.0,-0.0,-0.0
GO:0008090,0/120 (0.0%),0/120 (0.0%),0.0,1.0,1.0,1.0,0.0,-0.0,-0.0
GO:0034605,0/120 (0.0%),0/120 (0.0%),0.0,1.0,1.0,1.0,0.0,-0.0,-0.0
GO:0005980,0/120 (0.0%),0/120 (0.0%),0.0,1.0,1.0,1.0,0.0,-0.0,-0.0
GO:0005993,0/120 (0.0%),0/120 (0.0%),0.0,1.0,1.0,1.0,0.0,-0.0,-0.0
GO:0006002,0/120 (0.0%),0/120 (0.0%),0.0,1.0,1.0,1.0,0.0,-0.0,-0.0
GO:0006072,0/120 (0.0%),0/120 (0.0%),0.0,1.0,1.0,1.0,0.0,-0.0,-0.0
GO:0006081,0/120 (0.0%),0/120 (0.0%),0.0,1.0,1.0,1.0,0.0,-0.0,-0.0
GO:0019509,0/120 (0.0%),0/120 (0.0%),0.0,1.0,1.0,1.0,0.0,-0.0,-0.0
GO:0098656,0/120 (0.0%),0/120 (0.0%),0.0,1.0,1.0,1.0,0.0,-0.0,-0.0
GO:0044773,0/120 (0.0%),0/120 (0.0%),0.0,1.0,1.0,1.0,0.0,-0.0,-0.0
GO:0044804,0/120 (0.0%),0/120 (0.0%),0.0,1.0,1.0,1.0,0.0,-0.0,-0.0
GO:0045041,0/120 (0.0%),0/120 (0.0%),0.0,1.0,1.0,1.0,0.0,-0.0,-0.0
GO:0010467,0/120 (0.0%),0/120 (0.0%),0.0,1.0,1.0,1.0,0.0,-0.0,-0.0
GO:0048566,0/120 (0.0%),0/120 (0.0%),0.0,1.0,1.0,1.0,0.0,-0.0,-0.0
GO:0048644,0/120 (0.0%),0/120 (0.0%),0.0,1.0,1.0,1.0,0.0,-0.0,-0.0
GO:0048646,0/120 (0.0%),0/120 (0.0%),0.0,1.0,1.0,1.0,0.0,-0.0,-0.0
GO:0048664,0/120 (0.0%),0/120 (0.0%),0.0,1.0,1.0,1.0,0.0,-0.0,-0.0
GO:0033564,0/120 (0.0%),0/120 (0.0%),0.0,1.0,1.0,1.0,0.0,-0.0,-0.0
GO:0034087,0/120 (0.0%),0/120 (0.0%),0.0,1.0,1.0,1.0,0.0,-0.0,-0.0
GO:0034088,0/120 (0.0%),0/120 (0.0%),0.0,1.0,1.0,1.0,0.0,-0.0,-0.0
GO:0006686,0/120 (0.0%),0/120 (0.0%),0.0,1.0,1.0,1.0,0.0,-0.0,-0.0
GO:0097120,0/120 (0.0%),0/120 (0.0%),0.0,1.0,1.0,1.0,0.0,-0.0,-0.0
GO:0097190,0/120 (0.0%),0/120 (0.0%),0.0,1.0,1.0,1.0,0.0,-0.0,-0.0
GO:0099525,0/120 (0.0%),0/120 (0.0%),0.0,1.0,1.0,1.0,0.0,-0.0,-0.0
GO:0099536,0/120 (0.0%),0/120 (0.0%),0.0,1.0,1.0,1.0,0.0,-0.0,-0.0
GO:0110037,0/120 (0.0%),0/120 (0.0%),0.0,1.0,1.0,1.0,0.0,-0.0,-0.0
GO:0010564,0/120 (0.0%),0/120 (0.0%),0.0,1.0,1.0,1.0,0.0,-0.0,-0.0
GO:0009996,0/120 (0.0%),0/120 (0.0%),0.0,1.0,1.0,1.0,0.0,-0.0,-0.0
GO:0010248,0/120 (0.0%),0/120 (0.0%),0.0,1.0,1.0,1.0,0.0,-0.0,-0.0
GO:0001561,0/120 (0.0%),0/120 (0.0%),0.0,1.0,1.0,1.0,0.0,-0.0,-0.0
GO:0046907,0/120 (0.0%),0/120 (0.0%),0.0,1.0,1.0,1.0,0.0,-0.0,-0.0
GO:0030258,0/120 (0.0%),0/120 (0.0%),0.0,1.0,1.0,1.0,0.0,-0.0,-0.0
GO:0030388,0/120 (0.0%),0/120 (0.0%),0.0,1.0,1.0,1.0,0.0,-0.0,-0.0
GO:0032528,0/120 (0.0%),0/120 (0.0%),0.0,1.0,1.0,1.0,0.0,-0.0,-0.0
GO:0032889,0/120 (0.0%),0/120 (0.0%),0.0,1.0,1.0,1.0,0.0,-0.0,-0.0
GO:0032970,0/120 (0.0%),0/120 (0.0%),0.0,1.0,1.0,1.0,0.0,-0.0,-0.0
GO:1900075,0/120 (0.0%),0/120 (0.0%),0.0,1.0,1.0,1.0,0.0,-0.0,-0.0
GO:0097376,0/120 (0.0%),0/120 (0.0%),0.0,1.0,1.0,1.0,0.0,-0.0,-0.0
GO:0098534,0/120 (0.0%),0/120 (0.0%),0.0,1.0,1.0,1.0,0.0,-0.0,-0.0
GO:0045793,0/120 (0.0%),0/120 (0.0%),0.0,1.0,1.0,1.0,0.0,-0.0,-0.0
GO:0048255,0/120 (0.0%),0/120 (0.0%),0.0,1.0,1.0,1.0,0.0,-0.0,-0.0
GO:1902474,0/120 (0.0%),0/120 (0.0%),0.0,1.0,1.0,1.0,0.0,-0.0,-0.0
GO:1903188,0/120 (0.0%),0/120 (0.0%),0.0,1.0,1.0,1.0,0.0,-0.0,-0.0
GO:0031053,0/120 (0.0%),0/120 (0.0%),0.0,1.0,1.0,1.0,0.0,-0.0,-0.0
GO:0031110,0/120 (0.0%),0/120 (0.0%),0.0,1.0,1.0,1.0,0.0,-0.0,-0.0
GO:0031344,0/120 (0.0%),0/120 (0.0%),0.0,1.0,1.0,1.0,0.0,-0.0,-0.0
GO:0032008,0/120 (0.0%),0/120 (0.0%),0.0,1.0,1.0,1.0,0.0,-0.0,-0.0
GO:0032223,0/120 (0.0%),0/120 (0.0%),0.0,1.0,1.0,1.0,0.0,-0.0,-0.0
GO:0006515,0/120 (0.0%),0/120 (0.0%),0.0,1.0,1.0,1.0,0.0,-0.0,-0.0
GO:0006542,0/120 (0.0%),0/120 (0.0%),0.0,1.0,1.0,1.0,0.0,-0.0,-0.0
GO:0006552,0/120 (0.0%),0/120 (0.0%),0.0,1.0,1.0,1.0,0.0,-0.0,-0.0
GO:0006569,0/120 (0.0%),0/120 (0.0%),0.0,1.0,1.0,1.0,0.0,-0.0,-0.0
GO:0006570,0/120 (0.0%),0/120 (0.0%),0.0,1.0,1.0,1.0,0.0,-0.0,-0.0
GO:0099022,0/120 (0.0%),0/120 (0.0%),0.0,1.0,1.0,1.0,0.0,-0.0,-0.0
GO:0010468,0/120 (0.0%),0/120 (0.0%),0.0,1.0,1.0,1.0,0.0,-0.0,-0.0
GO:0006974,0/120 (0.0%),0/120 (0.0%),0.0,1.0,1.0,1.0,0.0,-0.0,-0.0
GO:0006281,0/120 (0.0%),0/120 (0.0%),0.0,1.0,1.0,1.0,0.0,-0.0,-0.0
GO:0016567,0/120 (0.0%),0/120 (0.0%),0.0,1.0,1.0,1.0,0.0,-0.0,-0.0
GO:0006397,0/120 (0.0%),0/120 (0.0%),0.0,1.0,1.0,1.0,0.0,-0.0,-0.0
GO:0051301,0/120 (0.0%),0/120 (0.0%),0.0,1.0,1.0,1.0,0.0,-0.0,-0.0
GO:0006412,0/120 (0.0%),0/120 (0.0%),0.0,1.0,1.0,1.0,0.0,-0.0,-0.0
